Author (Citation),Sample ID,Total Weight (g),Sex Ratio,Maturity,Age (Years),Waterbody,Region,Location,Latitude,Longitude,Class,Species,Tissue,N,n,Collection Date,Sampling Year,PFBA,PFBS,PFDA,PFDoA,PFDS,PFHpA,PFHpS,PFHxA,PFHxS,PFNA,PFOA,PFOS,PFPeA,PFTeDA,PFTrDA,PFUnA
#25 Dykstra et al (2021),62944531,4300,0,Nestling,0.163068493,Lake Superior,APIS,ROCKY ISLAND - ASHLAND COUNTY,47.05085,-90.65731,Aves,Bald eagle,Plasma,1,1,7/12/02,2002,<0.12,<0.12,18,7.6,7.5,0.18,1,<0.12,0.77,30,0.5,170,<0.12,1.9,14,36
#25 Dykstra et al (2021),62944528,4800,1,Nestling,0.155780822,Lake Superior,APIS,"MICHIGAN ISLAND, ASHLAND COUNTY",46.89591,-90.44984,Aves,Bald eagle,Plasma,1,1,6/25/02,2002,<0.12,<0.12,26,16,13,<0.12,2.2,<0.12,1.3,33,0.61,290,<0.12,2.4,17,57
#25 Dykstra et al (2021),62922355,4500,0,Nestling,0.148876712,Lake Superior,APIS,"LONG ISLAND, ASHLAND COUNTY",46.728083,-90.787305,Aves,Bald eagle,Plasma,1,1,6/15/98,1998,<0.12,<0.12,6.6,3.8,7.5,<0.12,1,<0.12,0.36,8.4,0.56,160,<0.12,0.83,5.8,11
#25 Dykstra et al (2021),62922292,3300,0,Nestling,0.121260274,Lake Superior,LSSS,"BARK RIVER, BAYFIELD COUNTY",46.852395,-91.198373,Aves,Bald eagle,Plasma,1,1,6/13/98,1998,<0.12,<0.12,8.4,3.5,10,<0.12,0.84,<0.12,0.49,12,0.57,140,<0.12,0.75,6.5,17
#25 Dykstra et al (2021),62940401,4600,1,Nestling,0.167287671,Lake Superior,LSSS,"BARK BAY, BAYFIELD COUNTY",46.847,-91.16636,Aves,Bald eagle,Plasma,1,1,6/22/95,1995,<0.12,<0.12,8.4,4,11,<0.12,1,<0.12,0.94,9.2,0.71,120,<0.12,0.56,5.1,15
#25 Dykstra et al (2021),62940474,4300,0,Nestling,0.163068493,Lake Superior,LSSS,"BARK RIVER, BAYFIELD COUNTY",46.847,-91.16636,Aves,Bald eagle,Plasma,1,1,6/24/96,1996,1.3,<0.12,12,5,12,<0.12,1.2,<0.12,1.3,16,1.4,180,0.16,0.96,9.1,20
#25 Dykstra et al (2021),62922258,3900,0,Nestling,0.158849315,Lake Superior,LSSS,"BARK RIVER, BAYFIELD COUNTY",46.847,-91.16636,Aves,Bald eagle,Plasma,1,1,6/21/97,1997,<0.12,<0.12,9.7,4.6,16,<0.12,1.2,<0.12,1,16,1.6,170,<0.12,0.92,7.4,21
#25 Dykstra et al (2021),62940403,4550,1,Nestling,0.13890411,Lake Superior,LSSS,"REEFER CR / ORIENTA, BAYFIELD COUNTY",46.756529,-91.519187,Aves,Bald eagle,Plasma,1,1,6/22/95,1995,<0.12,<0.12,14,6.8,24,<0.12,1,<0.12,0.69,14,0.42,170,<0.12,1.1,8.9,25
#25 Dykstra et al (2021),62940473,4500,1,Nestling,0.168438356,Lake Superior,LSSS,"REEFER CR, BAYFIELD COUNTY",46.756529,-91.519187,Aves,Bald eagle,Plasma,1,1,6/24/96,1996,<0.12,<0.12,14,7.5,11,<0.12,1.2,<0.12,0.75,17,0.19,210,<0.12,1.2,9.8,31
#25 Dykstra et al (2021),62922325,4400,1,Nestling,0.137369863,Lake Superior,APIS,"SAND ISLAND, BAYFIELD COUNTY",46.94514137,-91.03490724,Aves,Bald eagle,Plasma,1,1,6/23/00,2000,<0.12,<0.12,14,7.7,8.3,<0.12,1.4,<0.12,1.3,25,1.9,200,<0.12,1.4,10,34
#25 Dykstra et al (2021),62940479,3850,NA,Nestling,0.15539726,Lake Superior,LSSS,"AMNICON R., DOUGLAS COUNTY",46.68328,-91.84444,Aves,Bald eagle,Plasma,1,1,6/28/96,1996,<0.12,<0.12,11,6,18,<0.12,1.2,<0.12,1.1,13,0.56,170,<0.12,1.2,8.4,24
#25 Dykstra et al (2021),62936500,NA,1,Nestling,0.121643836,Lake Superior,LSSS,"AMNICON R., DOUGLAS COUNTY",46.67318401,-91.87260545,Aves,Bald eagle,Plasma,1,1,6/22/95,1995,<0.12,<0.12,5.5,3.4,14,<0.12,0.52,<0.12,0.53,7,0.31,98,<0.12,0.59,5.6,12
#25 Dykstra et al (2021),62922270,3800,0,Nestling,0.179178082,Lake Superior,LSSS,"RED RIVER, DOUGLAS COUNTY",46.643985,-92.234801,Aves,Bald eagle,Plasma,1,1,6/25/97,1997,<0.12,<0.12,9.1,3.8,54,<0.12,2,<0.12,2.4,8.8,0.17,280,<0.12,0.61,5.4,16
#25 Dykstra et al (2021),62922293,5200,1,Nestling,0.162684932,Lake Superior,LSSS,"RED RIVER, DOUGLAS COUNTY",46.643985,-92.234801,Aves,Bald eagle,Plasma,1,1,6/14/98,1998,<0.12,<0.12,7.3,3.4,50,<0.12,3,<0.12,5.5,8.2,0.24,440,<0.12,0.69,5,13
#25 Dykstra et al (2021),62943310,3700,0,Nestling,0.148876712,Lake Superior,LSSS,"RED RIVER, DOUGLAS COUNTY",46.647507,-92.230688,Aves,Bald eagle,Plasma,1,1,6/18/01,2001,<0.12,<0.12,6.1,3,21,<0.12,1.4,<0.12,1.9,5.7,<0.12,190,<0.12,0.95,5.3,9.7
#25 Dykstra et al (2021),62940482,4550,NA,Nestling,0.141589041,Lake Superior,LSSS,"MOUTH OF BRULE, DOUGLAS COUNTY",46.74154322,-91.62560988,Aves,Bald eagle,Plasma,1,1,6/28/96,1996,<0.12,<0.12,17,9.5,14,<0.12,1.8,<0.12,1.3,15,1.1,270,<0.12,2.4,17,35
#25 Dykstra et al (2021),62940477,3500,0,Nestling,0.108219178,Lake Superior,LSSS,CHEQUAMEGAN PT - ASHLAND COUNTY,46.674367,-90.712895,Aves,Bald eagle,Plasma,1,1,6/25/96,1996,<0.12,<0.12,4.2,2.8,24,<0.12,1.1,<0.12,<0.12,1.5,<0.12,250,<0.12,0.49,3.6,9.3
#25 Dykstra et al (2021),GLKN2006B048,3070,1,Nestling,0.095890411,Lake Superior,APIS,Outer Island - North,47.0730687,-90.42192563,Aves,Bald eagle,Plasma,1,1,NA,2006,NA,NA,NA,NA,NA,NA,NA,NA,NA,NA,3.7,130,NA,NA,NA,NA
#25 Dykstra et al (2021),GLKN2006B046,2270,0,Nestling,0.082191781,Lake Superior,APIS,Rocky Island - North,47.05148704,-90.65441634,Aves,Bald eagle,Plasma,1,1,NA,2006,NA,NA,NA,NA,NA,NA,NA,NA,NA,NA,2,120,NA,NA,NA,NA
#25 Dykstra et al (2021),GLKN2006B047,4270,1,Nestling,0.117808219,Lake Superior,APIS,North Twin Island,47.06822871,-90.58704212,Aves,Bald eagle,Plasma,1,1,NA,2006,NA,NA,NA,NA,NA,NA,NA,NA,NA,NA,4,200,NA,NA,NA,NA
#25 Dykstra et al (2021),GLKN2006B050,3370,0,Nestling,0.115068493,Lake Superior,APIS,Bear Island,47.01624565,-90.76130955,Aves,Bald eagle,Plasma,1,1,NA,2006,NA,NA,NA,NA,NA,NA,NA,NA,NA,NA,1.1,230,NA,NA,NA,NA
#25 Dykstra et al (2021),GLKN2006B051,4270,1,Nestling,0.126027397,Lake Superior,APIS,Rocky Island - South,47.02264863,-90.68488623,Aves,Bald eagle,Plasma,1,1,NA,2006,NA,NA,NA,NA,NA,NA,NA,NA,NA,NA,2.8,200,NA,NA,NA,NA
#25 Dykstra et al (2021),GLKN2006B049,3270,0,Nestling,0.126027397,Lake Superior,APIS,Outer Island - South,47.00443765,-90.44082535,Aves,Bald eagle,Plasma,1,1,NA,2006,NA,NA,NA,NA,NA,NA,NA,NA,NA,NA,0.91,330,NA,NA,NA,NA
#25 Dykstra et al (2021),GLKN2006B044,3370,1,Nestling,0.095890411,Lake Superior,APIS,Sand Island,46.97935678,-90.95142206,Aves,Bald eagle,Plasma,1,1,NA,2006,NA,NA,NA,NA,NA,NA,NA,NA,NA,NA,4.6,93,NA,NA,NA,NA
#25 Dykstra et al (2021),GLKN2006B043,3070,0,Nestling,0.106849315,Lake Superior,APIS,Sand Bay / Sand River,46.92612972,-90.9448138,Aves,Bald eagle,Plasma,1,1,NA,2006,NA,NA,NA,NA,NA,NA,NA,NA,NA,NA,1.1,190,NA,NA,NA,NA
#25 Dykstra et al (2021),GLKN2006B023,2970,0,Nestling,0.115068493,Lake Superior,L-SACN,Cedar Bend South,45.27999351,-92.75881294,Aves,Bald eagle,Plasma,1,1,NA,2006,NA,NA,NA,NA,NA,NA,NA,NA,NA,NA,0.24,720,NA,NA,NA,NA
#25 Dykstra et al (2021),GLKN2006B018,4420,1,Nestling,0.194520548,Lake Superior,L-SACN,Houlton North,45.07403464,-92.79004564,Aves,Bald eagle,Plasma,1,1,NA,2006,NA,NA,NA,NA,NA,NA,NA,NA,NA,NA,0.33,2300,NA,NA,NA,NA
#25 Dykstra et al (2021),GLKN2006B019,3470,0,Nestling,0.134246575,Lake Superior,L-SACN,High Bridge,46.38900174,-90.7384711,Aves,Bald eagle,Plasma,1,1,NA,2006,NA,NA,NA,NA,NA,NA,NA,NA,NA,NA,0.72,2400,NA,NA,NA,NA
#25 Dykstra et al (2021),GLKN2006B014,2670,0,Nestling,0.093150685,Lake Superior,MISS,Lake Rebecca,44.75205354,-92.86899176,Aves,Bald eagle,Plasma,1,1,NA,2006,NA,NA,NA,NA,NA,NA,NA,NA,NA,NA,4,2200,NA,NA,NA,NA
#25 Dykstra et al (2021),GLKN2006B015,3170,1,Nestling,0.090410959,Lake Superior,MISS,Lake Rebecca,44.75205354,-92.86899176,Aves,Bald eagle,Plasma,1,1,NA,2006,NA,NA,NA,NA,NA,NA,NA,NA,NA,NA,1.8,1100,NA,NA,NA,NA
#25 Dykstra et al (2021),GLKN2006B021,3170,0,Nestling,0.153424658,Lake Superior,MISS,Vermillion,44.67685468,-92.96859692,Aves,Bald eagle,Plasma,1,1,NA,2006,NA,NA,NA,NA,NA,NA,NA,NA,NA,NA,0.8,2800,NA,NA,NA,NA
#25 Dykstra et al (2021),GLKN2006B016,4670,1,Nestling,0.156164384,Lake Superior,MISS,Prescott,44.74932224,-92.78106436,Aves,Bald eagle,Plasma,1,1,NA,2006,NA,NA,NA,NA,NA,NA,NA,NA,NA,NA,0.62,1900,NA,NA,NA,NA
#25 Dykstra et al (2021),GLKN2006B012,4270,1,Nestling,0.139726027,Lake Superior,MISS,Fort Snelling,44.89298737,-93.1787384,Aves,Bald eagle,Plasma,1,1,NA,2006,NA,NA,NA,NA,NA,NA,NA,NA,NA,NA,0.36,810,NA,NA,NA,NA
#25 Dykstra et al (2021),GLKN2006B011,3670,0,Nestling,0.167123288,Lake Superior,MISS,Macalester,44.93426996,-93.19891359,Aves,Bald eagle,Plasma,1,1,NA,2006,NA,NA,NA,NA,NA,NA,NA,NA,NA,NA,0.58,1500,NA,NA,NA,NA
#25 Dykstra et al (2021),GLKN2006B008,4170,1,Nestling,0.153424658,Lake Superior,MISS,Flint Hills,44.77764257,-93.02519689,Aves,Bald eagle,Plasma,1,1,NA,2006,NA,NA,NA,NA,NA,NA,NA,NA,NA,NA,0.51,1300,NA,NA,NA,NA
#25 Dykstra et al (2021),GLKN2006B006,3370,0,Nestling,0.134246575,Lake Superior,MISS,Pigs Eye Isle #1,44.91842409,-93.048401,Aves,Bald eagle,Plasma,1,1,NA,2006,NA,NA,NA,NA,NA,NA,NA,NA,NA,NA,3.6,820,NA,NA,NA,NA
#25 Dykstra et al (2021),GLKN2006B001,2070,0,Nestling,0.079452055,Lake Superior,MISS,Pigs Eye Central,44.90867233,-93.03706791,Aves,Bald eagle,Plasma,1,1,NA,2006,NA,NA,NA,NA,NA,NA,NA,NA,NA,NA,0.63,890,NA,NA,NA,NA
#25 Dykstra et al (2021),GLKN2006B004,4470,1,Nestling,0.150684932,Lake Superior,MISS,Pigs Eye South,44.90676223,-93.0264331,Aves,Bald eagle,Plasma,1,1,NA,2006,NA,NA,NA,NA,NA,NA,NA,NA,NA,NA,0.8,750,NA,NA,NA,NA
#25 Dykstra et al (2021),GLKN2006B007,3770,1,Nestling,0.139726027,Lake Superior,MISS,Newport / River Mile 832,44.87174353,-93.01190445,Aves,Bald eagle,Plasma,1,1,NA,2006,NA,NA,NA,NA,NA,NA,NA,NA,NA,NA,0.48,1200,NA,NA,NA,NA
#25 Dykstra et al (2021),GLKN2006B029,3270,0,Nestling,0.145205479,Lake Superior,U-SACN,Namekagon / St Croix Confluence,46.08780303,-92.17857005,Aves,Bald eagle,Plasma,1,1,NA,2006,NA,NA,NA,NA,NA,NA,NA,NA,NA,NA,0.31,25,NA,NA,NA,NA
#25 Dykstra et al (2021),GLKN2006B028,3570,0,Nestling,0.167123288,Lake Superior,U-SACN,Raspberry Landing,45.75655357,-92.79202197,Aves,Bald eagle,Plasma,1,1,NA,2006,NA,NA,NA,NA,NA,NA,NA,NA,NA,NA,0.33,82,NA,NA,NA,NA
#25 Dykstra et al (2021),GLKN2006B027,3170,0,Nestling,0.112328767,Lake Superior,U-SACN,Sandrock Cliffs,45.77893982,-92.7775278,Aves,Bald eagle,Plasma,1,1,NA,2006,NA,NA,NA,NA,NA,NA,NA,NA,NA,NA,0.37,34,NA,NA,NA,NA
#25 Dykstra et al (2021),GLKN2006B031,4970,1,Nestling,0.17260274,Lake Superior,U-SACN,Thayers Landing,46.01199202,-92.44319683,Aves,Bald eagle,Plasma,1,1,NA,2006,NA,NA,NA,NA,NA,NA,NA,NA,NA,NA,0.27,34,NA,NA,NA,NA
#25 Dykstra et al (2021),GLKN2006B025,2870,0,Nestling,0.104109589,Lake Superior,U-SACN,Paint Mine / Seven Islands,45.84341726,-92.74178246,Aves,Bald eagle,Plasma,1,1,NA,2006,NA,NA,NA,NA,NA,NA,NA,NA,NA,NA,0.41,40,NA,NA,NA,NA
#25 Dykstra et al (2021),GLKN2006B041,2870,0,Nestling,0.101369863,Lake Superior,U-SACN,Upper Namekagon,46.06344831,-92.06601399,Aves,Bald eagle,Plasma,1,1,NA,2006,NA,NA,NA,NA,NA,NA,NA,NA,NA,NA,<0.12,11,NA,NA,NA,NA
#25 Dykstra et al (2021),GLKN2006B032,3170,0,Nestling,0.145205479,Lake Superior,U-SACN,Gordon Dam,46.2550501,-91.92725587,Aves,Bald eagle,Plasma,1,1,NA,2006,NA,NA,NA,NA,NA,NA,NA,NA,NA,NA,0.48,29,NA,NA,NA,NA
#25 Dykstra et al (2021),GLKN2006B039,3570,1,Nestling,0.106849315,Lake Superior,U-SACN,Pacwawong Lake,46.15108372,-91.34475141,Aves,Bald eagle,Plasma,1,1,NA,2006,NA,NA,NA,NA,NA,NA,NA,NA,NA,NA,<0.12,13,NA,NA,NA,NA
#25 Dykstra et al (2021),GLKN2006B036,3270,1,Nestling,0.112328767,Lake Superior,U-SACN,Matthews Lake,46.02856495,-91.9614835,Aves,Bald eagle,Plasma,1,1,NA,2006,NA,NA,NA,NA,NA,NA,NA,NA,NA,NA,<0.12,29,NA,NA,NA,NA
#25 Dykstra et al (2021),GLKN2006B035,2870,0,Nestling,0.136986301,Lake Superior,U-SACN,Stinnett,45.98489563,-91.59094151,Aves,Bald eagle,Plasma,1,1,NA,2006,NA,NA,NA,NA,NA,NA,NA,NA,NA,NA,0.38,24,NA,NA,NA,NA
#25 Dykstra et al (2021),GLKN2006B038,2770,0,Nestling,0.101369863,Lake Superior,U-SACN,Howells Landing,46.02835949,-92.01115629,Aves,Bald eagle,Plasma,1,1,NA,2006,NA,NA,NA,NA,NA,NA,NA,NA,NA,NA,0.4,15,NA,NA,NA,NA
#25 Dykstra et al (2021),GLKN2007B036,2620,0,Nestling,0.098630137,Lake Superior,APIS,Outer Island - North,47.0730687,-90.42192563,Aves,Bald eagle,Plasma,1,1,NA,2007,NA,NA,NA,NA,NA,NA,NA,NA,NA,NA,12,150,NA,NA,NA,NA
#25 Dykstra et al (2021),GLKN2007B034,3220,1,Nestling,0.087671233,Lake Superior,APIS,North Twin Island,47.06822871,-90.58704212,Aves,Bald eagle,Plasma,1,1,NA,2007,NA,NA,NA,NA,NA,NA,NA,NA,NA,NA,14,140,NA,NA,NA,NA
#25 Dykstra et al (2021),GLKN2007B040,3870,1,Nestling,0.117808219,Lake Superior,APIS,Madline Island - Southwest,46.78864937,-90.77735287,Aves,Bald eagle,Plasma,1,1,NA,2007,NA,NA,NA,NA,NA,NA,NA,NA,NA,NA,2,120,NA,NA,NA,NA
#25 Dykstra et al (2021),GLKN2007B042,2470,1,Nestling,0.084931507,Lake Superior,APIS,Madeline Island - East,46.79927244,-90.66459598,Aves,Bald eagle,Plasma,1,1,NA,2007,NA,NA,NA,NA,NA,NA,NA,NA,NA,NA,3,110,NA,NA,NA,NA
#25 Dykstra et al (2021),GLKN2007B039,3470,1,Nestling,0.115068493,Lake Superior,APIS,Meech (Madeline Island),46.7822545,-90.76922124,Aves,Bald eagle,Plasma,1,1,NA,2007,NA,NA,NA,NA,NA,NA,NA,NA,NA,NA,2.8,93,NA,NA,NA,NA
#25 Dykstra et al (2021),GLKN2007B037,3070,0,Nestling,0.109589041,Lake Superior,APIS,Sand Bay / Sand River,46.92612972,-90.9448138,Aves,Bald eagle,Plasma,1,1,NA,2007,NA,NA,NA,NA,NA,NA,NA,NA,NA,NA,1,370,NA,NA,NA,NA
#25 Dykstra et al (2021),GLKN2007B018,2670,0,Nestling,0.101369863,Lake Superior,L-SACN,Cedar Bend,45.28970099,-92.75974047,Aves,Bald eagle,Plasma,1,1,NA,2007,NA,NA,NA,NA,NA,NA,NA,NA,NA,NA,0.81,330,NA,NA,NA,NA
#25 Dykstra et al (2021),GLKN2007B016,2620,0,Nestling,0.101369863,Lake Superior,L-SACN,Cedar Bend South,45.27999351,-92.75881294,Aves,Bald eagle,Plasma,1,1,NA,2007,NA,NA,NA,NA,NA,NA,NA,NA,NA,NA,0.86,670,NA,NA,NA,NA
#25 Dykstra et al (2021),GLKN2007B020,2870,0,Nestling,0.112328767,Lake Superior,L-SACN,Maine on St Croix,45.1979145,-92.76783875,Aves,Bald eagle,Plasma,1,1,NA,2007,NA,NA,NA,NA,NA,NA,NA,NA,NA,NA,0.72,370,NA,NA,NA,NA
#25 Dykstra et al (2021),GLKN2007B014,2670,1,Nestling,0.095890411,Lake Superior,L-SACN,High Bridge,46.38900174,-90.7384711,Aves,Bald eagle,Plasma,1,1,NA,2007,NA,NA,NA,NA,NA,NA,NA,NA,NA,NA,10,10,NA,NA,NA,NA
#25 Dykstra et al (2021),GLKN2007B051,2820,0,Nestling,0.112328767,Lake Superior,LSSS,Washburn,46.68307216,-90.86641548,Aves,Bald eagle,Plasma,1,1,NA,2007,NA,NA,NA,NA,NA,NA,NA,NA,NA,NA,1.1,150,NA,NA,NA,NA
#25 Dykstra et al (2021),GLKN2007B052,3170,1,Nestling,0.136986301,Lake Superior,LSSS,Cranberry River,46.8266903,-91.27001114,Aves,Bald eagle,Plasma,1,1,NA,2007,NA,NA,NA,NA,NA,NA,NA,NA,NA,NA,2.4,160,NA,NA,NA,NA
#25 Dykstra et al (2021),GLKN2007B045,2670,0,Nestling,0.126027397,Lake Superior,LSSS,Little Pokegama Bay,46.67305545,-92.17990406,Aves,Bald eagle,Plasma,1,1,NA,2007,NA,NA,NA,NA,NA,NA,NA,NA,NA,NA,0.71,270,NA,NA,NA,NA
#25 Dykstra et al (2021),GLKN2007B047,4120,1,Nestling,0.136986301,Lake Superior,LSSS,Wis Pt / Allouez Bay / Moccasin Mike,46.70229546,-92.01080472,Aves,Bald eagle,Plasma,1,1,NA,2007,NA,NA,NA,NA,NA,NA,NA,NA,NA,NA,0.81,190,NA,NA,NA,NA
#25 Dykstra et al (2021),GLKN2007B054,3270,0,Nestling,0.139726027,Lake Superior,LSSS,Haukkala Creek,46.71737552,-91.71701224,Aves,Bald eagle,Plasma,1,1,NA,2007,NA,NA,NA,NA,NA,NA,NA,NA,NA,NA,0.99,86,NA,NA,NA,NA
#25 Dykstra et al (2021),GLKN2007B049,3670,0,Nestling,0.150684932,Lake Superior,LSSS,Amnicon River / Hanson Creek,46.68744737,-91.85224243,Aves,Bald eagle,Plasma,1,1,NA,2007,NA,NA,NA,NA,NA,NA,NA,NA,NA,NA,1.9,290,NA,NA,NA,NA
#25 Dykstra et al (2021),GLKN2007B012,3900,1,Nestling,0.128767123,Lake Superior,MISS,Vermillion,44.67685468,-92.96859692,Aves,Bald eagle,Plasma,1,1,NA,2007,NA,NA,NA,NA,NA,NA,NA,NA,NA,NA,1.2,1100,NA,NA,NA,NA
#25 Dykstra et al (2021),GLKN2007B010,3170,0,Nestling,0.120547945,Lake Superior,MISS,Prescott,44.74932224,-92.78106436,Aves,Bald eagle,Plasma,1,1,NA,2007,NA,NA,NA,NA,NA,NA,NA,NA,NA,NA,1.2,1100,NA,NA,NA,NA
#25 Dykstra et al (2021),GLKN2007M003,3670,1,Nestling,0.101369863,Lake Superior,MISS,Fort Snelling,44.89298737,-93.1787384,Aves,Bald eagle,Plasma,1,1,NA,2007,NA,NA,NA,NA,NA,NA,NA,NA,NA,NA,1.4,500,NA,NA,NA,NA
#25 Dykstra et al (2021),GLKN2007B009,4300,1,Nestling,0.134246575,Lake Superior,MISS,Macalester,44.93426996,-93.19891359,Aves,Bald eagle,Plasma,1,1,NA,2007,NA,NA,NA,NA,NA,NA,NA,NA,NA,NA,1,870,NA,NA,NA,NA
#25 Dykstra et al (2021),GLKN2007M001,3070,1,Nestling,0.079452055,Lake Superior,MISS,River Mile 831 Island,44.85703225,-93.01116845,Aves,Bald eagle,Plasma,1,1,NA,2007,NA,NA,NA,NA,NA,NA,NA,NA,NA,NA,0.97,830,NA,NA,NA,NA
#25 Dykstra et al (2021),GLKN2007B001,2570,0,Nestling,0.087671233,Lake Superior,MISS,Lilydale,44.9190687,-93.12739371,Aves,Bald eagle,Plasma,1,1,NA,2007,NA,NA,NA,NA,NA,NA,NA,NA,NA,NA,1.3,650,NA,NA,NA,NA
#25 Dykstra et al (2021),GLKN2007B004,2770,0,Nestling,0.082191781,Lake Superior,MISS,Pigs Eye Isle #1,44.91842409,-93.048401,Aves,Bald eagle,Plasma,1,1,NA,2007,NA,NA,NA,NA,NA,NA,NA,NA,NA,NA,1.8,530,NA,NA,NA,NA
#25 Dykstra et al (2021),GLKN2007B005,3770,1,Nestling,0.147945205,Lake Superior,MISS,Pigs Eye South,44.90676223,-93.0264331,Aves,Bald eagle,Plasma,1,1,NA,2007,NA,NA,NA,NA,NA,NA,NA,NA,NA,NA,1.2,1100,NA,NA,NA,NA
#25 Dykstra et al (2021),GLKN2007M002,2370,0,Nestling,0.093150685,Lake Superior,MISS,Pigs Eye Rookery,44.89644327,-93.02206968,Aves,Bald eagle,Plasma,1,1,NA,2007,NA,NA,NA,NA,NA,NA,NA,NA,NA,NA,0.91,820,NA,NA,NA,NA
#25 Dykstra et al (2021),GLKN2007B011,3700,1,Nestling,0.095890411,Lake Superior,MISS,"Kings Cove, Conley Lake, Denmark",44.75243836,-92.84138859,Aves,Bald eagle,Plasma,1,1,NA,2007,NA,NA,NA,NA,NA,NA,NA,NA,NA,NA,2,1100,NA,NA,NA,NA
#25 Dykstra et al (2021),GLKN2007B007,3070,1,Nestling,0.090410959,Lake Superior,MISS,Newport / River Mile 832,44.87174353,-93.01190445,Aves,Bald eagle,Plasma,1,1,NA,2007,NA,NA,NA,NA,NA,NA,NA,NA,NA,NA,0.93,510,NA,NA,NA,NA
#25 Dykstra et al (2021),GLKN2007B027,3500,1,Nestling,0.101369863,Lake Superior,U-SACN,Riverside,46.07798685,-92.24468798,Aves,Bald eagle,Plasma,1,1,NA,2007,NA,NA,NA,NA,NA,NA,NA,NA,NA,NA,0.78,9.4,NA,NA,NA,NA
#25 Dykstra et al (2021),GLKN2007B026,2070,0,Nestling,0.079452055,Lake Superior,U-SACN,Big Island,46.08037023,-92.22256448,Aves,Bald eagle,Plasma,1,1,NA,2007,NA,NA,NA,NA,NA,NA,NA,NA,NA,NA,0.73,12,NA,NA,NA,NA
#25 Dykstra et al (2021),GLKN2007B022,5170,1,Nestling,0.126027397,Lake Superior,U-SACN,Thayers Landing,46.01199202,-92.44319683,Aves,Bald eagle,Plasma,1,1,NA,2007,NA,NA,NA,NA,NA,NA,NA,NA,NA,NA,0.72,15,NA,NA,NA,NA
#25 Dykstra et al (2021),GLKN2007B021,4870,1,Nestling,0.161643836,Lake Superior,U-SACN,North Dry Creek,45.51852929,-92.72928466,Aves,Bald eagle,Plasma,1,1,NA,2007,NA,NA,NA,NA,NA,NA,NA,NA,NA,NA,0.67,26,NA,NA,NA,NA
#25 Dykstra et al (2021),GLKN2007B032,2370,0,Nestling,0.104109589,Lake Superior,U-SACN,Gordon Dam,46.2550501,-91.92725587,Aves,Bald eagle,Plasma,1,1,NA,2007,NA,NA,NA,NA,NA,NA,NA,NA,NA,NA,0.8,8.2,NA,NA,NA,NA
#25 Dykstra et al (2021),GLKN2007B031,4520,1,Nestling,0.134246575,Lake Superior,U-SACN,Phipps Flowage 2,46.06421371,-91.42685941,Aves,Bald eagle,Plasma,1,1,NA,2007,NA,NA,NA,NA,NA,NA,NA,NA,NA,NA,0.68,20,NA,NA,NA,NA
#25 Dykstra et al (2021),GLKN2007B029,2670,0,Nestling,0.101369863,Lake Superior,U-SACN,Stinnett,45.98489563,-91.59094151,Aves,Bald eagle,Plasma,1,1,NA,2007,NA,NA,NA,NA,NA,NA,NA,NA,NA,NA,0.72,9,NA,NA,NA,NA
#25 Dykstra et al (2021),GLKN2007B024,3000,0,Nestling,0.098630137,Lake Superior,U-SACN,Howells Landing,46.02835949,-92.01115629,Aves,Bald eagle,Plasma,1,1,NA,2007,NA,NA,NA,NA,NA,NA,NA,NA,NA,NA,0.71,16,NA,NA,NA,NA
#25 Dykstra et al (2021),GLKN2008B052,2150,1,Nestling,0.071232877,Lake Superior,APIS,Outer Island - North,47.0730687,-90.42192563,Aves,Bald eagle,Plasma,1,1,NA,2008,<0.12,<0.12,40,8.4,2.4,0.44,1.7,<0.12,1.8,50,9.7,150,<0.12,0.84,10,47
#25 Dykstra et al (2021),GLKN2008B053,3100,0,Nestling,0.101369863,Lake Superior,APIS,North Twin Island,47.06822871,-90.58704212,Aves,Bald eagle,Plasma,1,1,NA,2008,0.24,<0.12,35,10,4.5,0.72,2.9,<0.12,2.5,60,12,250,<0.12,1.1,13,65
#25 Dykstra et al (2021),GLKN2008B059,4000,0,Nestling,0.126027397,Lake Superior,APIS,Madeline Island / Steamboat Point,46.87244504,-90.60798709,Aves,Bald eagle,Plasma,1,1,NA,2008,<0.12,<0.12,21,7.3,1.5,<0.12,1.2,<0.12,1,47,3.8,130,<0.12,0.97,11,37
#25 Dykstra et al (2021),GLKN2008B051,3750,1,Nestling,0.126027397,Lake Superior,APIS,Outer Island - South,47.00443765,-90.44082535,Aves,Bald eagle,Plasma,1,1,NA,2008,0.59,<0.12,<0.12,21,5,<0.12,1.5,<0.12,1.1,73,1.6,190,<0.12,1.6,23,93
#25 Dykstra et al (2021),GLKN2008B057,3550,0,Nestling,0.126027397,Lake Superior,APIS,Meech (Madeline Island),46.7822545,-90.76922124,Aves,Bald eagle,Plasma,1,1,NA,2008,<0.12,<0.12,17,7.4,2.5,<0.12,1.3,<0.12,1.5,50,4.3,140,<0.12,1.1,14,47
#25 Dykstra et al (2021),GLKN2008B042,4200,1,Nestling,0.112328767,Lake Superior,L-SACN,Franconia,45.37160445,-92.69220373,Aves,Bald eagle,Plasma,1,1,NA,2008,0.46,<0.12,3.5,2.2,150,0.13,1.4,<0.12,1.9,3.4,0.45,280,<0.12,0.41,1.3,8.1
#25 Dykstra et al (2021),GLKN2008B041,3300,0,Nestling,0.115068493,Lake Superior,L-SACN,Cedar Bend,45.28970099,-92.75974047,Aves,Bald eagle,Plasma,1,1,NA,2008,0.85,<0.12,7.9,2.7,150,0.2,2.1,<0.12,2.5,2.7,0.27,360,<0.12,0.58,1.2,6.1
#25 Dykstra et al (2021),GLKN2008M025,2400,0,Nestling,0.073972603,Lake Superior,L-SACN,Lake St Croix South,44.90154783,-92.76319879,Aves,Bald eagle,Plasma,1,1,NA,2008,0.59,<0.12,3.4,4.1,280,<0.12,2.1,<0.12,0.89,1,0.15,460,<0.12,0.43,1,5
#25 Dykstra et al (2021),GLKN2008B045,4050,1,Nestling,0.106849315,Lake Superior,L-SACN,Apple River North,45.15913664,-92.71519329,Aves,Bald eagle,Plasma,1,1,NA,2008,0.55,<0.12,13,5.7,860,<0.12,4.4,<0.12,3.3,2.5,0.22,1000,<0.12,1.1,2.9,11
#25 Dykstra et al (2021),GLKN2008M031,3600,0,Nestling,0.117808219,Lake Superior,L-SACN,King Power Plant,45.03261274,-92.77737312,Aves,Bald eagle,Plasma,1,1,NA,2008,0.55,<0.12,12,4.7,470,<0.12,4,<0.12,5.2,4.4,0.31,730,<0.12,0.95,2.1,14
#25 Dykstra et al (2021),GLKN2008B047,4700,1,Nestling,0.139726027,Lake Superior,L-SACN,Maine on St Croix,45.1979145,-92.76783875,Aves,Bald eagle,Plasma,1,1,NA,2008,0.83,<0.12,14,2.3,150,<0.12,2.1,<0.12,2.9,3,0.26,420,<0.12,0.39,1.2,6.4
#25 Dykstra et al (2021),GLKN2008B029,3500,0,Nestling,0.109589041,Lake Superior,L-SACN,McLeods Slough,45.26667216,-92.75604703,Aves,Bald eagle,Plasma,1,1,NA,2008,1.3,<0.12,12,3,250,<0.12,2.3,<0.12,3.1,2.5,0.47,520,<0.12,0.44,1.2,6.6
#25 Dykstra et al (2021),GLKN2008B066,4500,1,Nestling,0.128767123,Lake Superior,LSSS,Bark Bay / Bark River,46.84339624,-91.16959538,Aves,Bald eagle,Plasma,1,1,NA,2008,0.3,<0.12,14,9.6,3,<0.12,1.1,<0.12,1.4,41,2.6,140,<0.12,1.3,15,43
#25 Dykstra et al (2021),GLKN2008B061,5150,1,Nestling,0.189041096,Lake Superior,LSSS,Barksdale,46.62092207,-90.92922414,Aves,Bald eagle,Plasma,1,1,NA,2008,0.37,<0.12,8.8,7.1,5.2,<0.12,1.2,<0.12,1.8,16,0.84,180,<0.12,0.95,7.8,31
#25 Dykstra et al (2021),GLKN2008B054,3800,1,Nestling,0.115068493,Lake Superior,LSSS,Washburn,46.68307216,-90.86641548,Aves,Bald eagle,Plasma,1,1,NA,2008,0.78,<0.12,9.3,5.1,2.3,<0.12,0.48,<0.12,0.69,11,1.6,120,<0.12,0.43,4.4,22
#25 Dykstra et al (2021),GLKN2008B064,5000,1,Nestling,0.161643836,Lake Superior,LSSS,Spirit Point,46.88278468,-91.09035705,Aves,Bald eagle,Plasma,1,1,NA,2008,0.26,<0.12,11,12,4.3,<0.12,1.8,<0.12,2.7,57,5.3,170,<0.12,1.6,19,55
#25 Dykstra et al (2021),GLKN2008M024,3800,1,Nestling,0.098630137,Lake Superior,MISS,Foster Island,45.22154585,-93.45535289,Aves,Bald eagle,Plasma,1,1,NA,2008,0.3,<0.12,2.2,2,7.9,<0.12,0.73,<0.12,1.6,4.3,0.27,110,<0.12,0.31,0.99,3.7
#25 Dykstra et al (2021),GLKN2008B028,2900,0,Nestling,0.098630137,Lake Superior,MISS,Vermillion,44.67685468,-92.96859692,Aves,Bald eagle,Plasma,1,1,NA,2008,0.82,<0.12,15,8.9,1100,<0.12,11,<0.12,14,3.6,1,1600,<0.12,1.1,3.3,14
#25 Dykstra et al (2021),GLKN2008B035,2600,0,Nestling,0.079452055,Lake Superior,MISS,Fort Snelling,44.89298737,-93.1787384,Aves,Bald eagle,Plasma,1,1,NA,2008,1.1,<0.12,8.1,8.4,79,0.16,2.5,<0.12,4,4.1,0.54,440,<0.12,0.99,2.5,17
#25 Dykstra et al (2021),GLKN2008B006,3900,1,Nestling,0.115068493,Lake Superior,MISS,Macalester,44.93426996,-93.19891359,Aves,Bald eagle,Plasma,1,1,NA,2008,9.1,<0.12,14,10,220,<0.12,5.8,0.13,7.5,5.4,0.78,990,0.3,1.4,2.9,19
#25 Dykstra et al (2021),GLKN2008M005,2300,0,Nestling,0.076712329,Lake Superior,MISS,River Mile 831 Island,44.85703225,-93.01116845,Aves,Bald eagle,Plasma,1,1,NA,2008,3.6,<0.12,7.4,5.7,130,0.13,6.9,<0.12,7.8,4.3,1.2,860,<0.12,1.1,2.1,11
#25 Dykstra et al (2021),GLKN2008B034,3900,1,Nestling,0.104109589,Lake Superior,MISS,Lilydale,44.9190687,-93.12739371,Aves,Bald eagle,Plasma,1,1,NA,2008,0.73,<0.12,8.6,7.3,150,0.15,2.9,<0.12,2.8,3.7,0.58,560,<0.12,1.1,1.8,11
#25 Dykstra et al (2021),GLKN2008B010,3700,1,Nestling,0.112328767,Lake Superior,MISS,Flint Hills,44.77764257,-93.02519689,Aves,Bald eagle,Plasma,1,1,NA,2008,1.4,<0.12,9.1,6.1,150,<0.12,8.5,<0.12,10,3.4,0.51,870,<0.12,1.5,2.2,12
#25 Dykstra et al (2021),GLKN2008M007,3500,1,Nestling,0.090410959,Lake Superior,MISS,Spring Lake,44.76506986,-92.97984559,Aves,Bald eagle,Plasma,1,1,NA,2008,0.83,<0.12,7.4,4.8,110,<0.12,4.8,<0.12,5.1,3.8,0.57,710,<0.12,0.68,1.5,10
#25 Dykstra et al (2021),GLKN2008M018,2300,0,Nestling,0.071232877,Lake Superior,MISS,Lake Rebecca South,44.74470884,-92.86119134,Aves,Bald eagle,Plasma,1,1,NA,2008,1.3,<0.12,7.7,5.4,380,<0.12,6.4,<0.12,5.2,2.7,0.61,810,<0.12,0.81,1.6,9.6
#25 Dykstra et al (2021),GLKN2008B003,2100,1,Nestling,0.071232877,Lake Superior,MISS,Pigs Eye Isle #1,44.91842409,-93.048401,Aves,Bald eagle,Plasma,1,1,NA,2008,1.4,<0.12,4.9,7.7,180,0.12,11,<0.12,20,3,1.5,770,<0.12,1.3,2.3,12
#25 Dykstra et al (2021),GLKN2008B001,3300,1,Nestling,0.104109589,Lake Superior,MISS,Pigs Eye South,44.90676223,-93.0264331,Aves,Bald eagle,Plasma,1,1,NA,2008,1.3,<0.12,38,5.2,140,<0.12,15,<0.12,12,4.1,0.51,1100,<0.12,0.77,2,18
#25 Dykstra et al (2021),GLKN2008M002,2800,0,Nestling,0.090410959,Lake Superior,MISS,Pigs Eye Rookery,44.89644327,-93.02206968,Aves,Bald eagle,Plasma,1,1,NA,2008,3.3,<0.12,8.1,7.8,160,<0.12,12,<0.12,35,3,0.45,1100,<0.12,1.5,2.1,12
#25 Dykstra et al (2021),GLKN2008M014,3600,1,Nestling,0.084931507,Lake Superior,MISS,"Kings Cove, Conley Lake, Denmark",44.75243836,-92.84138859,Aves,Bald eagle,Plasma,1,1,NA,2008,4.4,<0.12,12,8.6,310,<0.12,6.8,<0.12,8,4,0.75,910,<0.12,1.1,2,15
#25 Dykstra et al (2021),GLKN2008B009,3600,0,Nestling,0.126027397,Lake Superior,MISS,Newport / River Mile 832,44.87174353,-93.01190445,Aves,Bald eagle,Plasma,1,1,NA,2008,1.5,<0.12,15,6.7,140,<0.12,6.8,<0.12,9.2,3.7,0.57,760,<0.12,1.2,2.1,12
#25 Dykstra et al (2021),GLKN2008M003,3400,1,Nestling,0.087671233,Lake Superior,MISS,Grey Cloud Island,44.80522319,-93.01020342,Aves,Bald eagle,Plasma,1,1,NA,2008,1.7,<0.12,31,7,350,<0.12,6.7,<0.12,5.4,3.3,0.59,1100,<0.12,1,3,16
#25 Dykstra et al (2021),GLKN2008B024,4400,1,Nestling,0.120547945,Lake Superior,Pools 3+4,Jackson Run,44.67357238,-92.68237738,Aves,Bald eagle,Plasma,1,1,NA,2008,1.6,<0.12,18,5.8,700,0.16,7.8,0.2,12,3.2,0.96,1200,<0.12,1.3,2.3,10
#25 Dykstra et al (2021),GLKN2008B012,2900,0,Nestling,0.095890411,Lake Superior,Pools 3+4,Hay Creek,44.54066114,-92.56393995,Aves,Bald eagle,Plasma,1,1,NA,2008,0.59,<0.12,4.3,3,550,<0.12,11,<0.12,13,2,0.68,590,<0.12,0.57,1.7,6.6
#25 Dykstra et al (2021),GLKN2008M009,4300,1,Nestling,0.115068493,Lake Superior,Pools 3+4,Baldwin Island,44.56568431,-92.48702346,Aves,Bald eagle,Plasma,1,1,NA,2008,<0.12,<0.12,<0.12,28,1400,0.34,4.5,<0.12,3.1,10,0.64,1400,<0.12,6.2,11,65
#25 Dykstra et al (2021),GLKN2008B032,2050,0,Nestling,0.060273973,Lake Superior,Pools 3+4,Deer Island / Lakeport,44.45014784,-92.19132868,Aves,Bald eagle,Plasma,1,1,NA,2008,0.8,<0.12,4,3.3,250,0.13,3.5,<0.12,2.4,1.5,0.77,510,<0.12,<0.12,0.95,5
#25 Dykstra et al (2021),GLKN2008B030,2150,1,Nestling,0.063013699,Lake Superior,Pools 3+4,Bogus Bluff railroad tracks,44.46996894,-92.23017664,Aves,Bald eagle,Plasma,1,1,NA,2008,0.14,<0.12,14,2.7,310,<0.12,3.8,<0.12,2.3,1.3,0.24,630,<0.12,0.5,0.94,5.7
#25 Dykstra et al (2021),GLKN2008B020,3900,1,Nestling,0.120547945,Lake Superior,Pools 3+4,Diamond Bluff,44.65207638,-92.62975688,Aves,Bald eagle,Plasma,1,1,NA,2008,2.1,<0.12,19,4.7,460,0.25,6.7,<0.12,11,3,0.95,830,<0.12,1.2,2.1,9.8
#25 Dykstra et al (2021),GLKN2008M020,4000,1,Nestling,0.120547945,Lake Superior,Pools 3+4,Rush River,44.56716118,-92.33116596,Aves,Bald eagle,Plasma,1,1,NA,2008,0.4,<0.12,11,2.4,350,<0.12,5.9,<0.12,11,1.9,0.4,680,<0.12,0.6,1.1,6.3
#25 Dykstra et al (2021),GLKN2008M022,3000,0,Nestling,0.109589041,Lake Superior,Pools 3+4,Warrentown,44.58195668,-92.3627562,Aves,Bald eagle,Plasma,1,1,NA,2008,5.6,<0.12,20,14,630,<0.12,2.9,1.8,2.4,4.2,0.24,730,0.24,1.9,4.2,38
#25 Dykstra et al (2021),GLKN2008M021,3800,1,Nestling,0.104109589,Lake Superior,Pools 3+4,South (East) Warrentown,44.57269577,-92.34931976,Aves,Bald eagle,Plasma,1,1,NA,2008,0.48,<0.12,11,2.5,220,0.15,3.8,<0.12,3.2,1.2,0.24,560,<0.12,0.47,0.96,5.2
#25 Dykstra et al (2021),GLKN2008B023,4150,1,Nestling,0.117808219,Lake Superior,Pools 3+4,Twin Lakes,45.05355694,-93.3372324,Aves,Bald eagle,Plasma,1,1,NA,2008,1.1,<0.12,25,3.5,650,<0.12,8.3,<0.12,26,2.8,0.88,1100,<0.12,0.8,2,10
#25 Dykstra et al (2021),GLKN2008B014,4200,1,Nestling,0.128767123,Lake Superior,Pools 3+4,Catherine Pass,44.56961347,-92.45575719,Aves,Bald eagle,Plasma,1,1,NA,2008,<0.12,<0.12,<0.12,19,1100,0.18,4.3,<0.12,1.7,11,0.92,1400,<0.12,2.4,4.1,56
#25 Dykstra et al (2021),GLKN2009B046,3300,0,Nestling,0.123287671,Lake Superior,L-SACN,Franconia,45.37160445,-92.69220373,Aves,Bald eagle,Plasma,1,1,NA,2009,ND,<0.12,11,2.4,81,<0.12,1,<0.12,0.83,2.8,0.3,240,<0.12,0.5,1.3,5.7
#25 Dykstra et al (2021),GLKN2009M026,3200,1,Nestling,0.090410959,Lake Superior,L-SACN,Lake St Croix South,44.90154783,-92.76319879,Aves,Bald eagle,Plasma,1,1,NA,2009,26.28,<0.12,13,17,150,<0.12,1.5,<0.12,0.57,3.1,<0.12,440,<0.12,5.8,8.3,6.5
#25 Dykstra et al (2021),GLKN2009M023,2100,0,Nestling,0.071232877,Lake Superior,L-SACN,Lake St Croix YMCA camp South,44.93728665,-92.73723779,Aves,Bald eagle,Plasma,1,1,NA,2009,0.48,<0.12,11,11,110,<0.12,1.2,<0.12,0.35,1.8,<0.12,280,<0.12,0.77,1.5,5.3
#25 Dykstra et al (2021),GLKN2009M029,3100,0,Nestling,0.104109589,Lake Superior,L-SACN,Apple River Confluence,45.1487059,-92.73903703,Aves,Bald eagle,Plasma,1,1,NA,2009,0.01,<0.12,25,18,160,<0.12,2.4,<0.12,1.4,4.1,0.14,530,<0.12,0.71,2.5,9
#25 Dykstra et al (2021),GLKN2009M025,3800,1,Nestling,0.109589041,Lake Superior,L-SACN,King Power Plant,45.03261274,-92.77737312,Aves,Bald eagle,Plasma,1,1,NA,2009,0.88,<0.12,28,7.6,230,<0.12,2.1,<0.12,2.1,3.4,0.18,570,<0.12,0.95,2.2,15
#25 Dykstra et al (2021),GLKN2009M011,4100,1,Nestling,0.109589041,Lake Superior,L-SACN,Carpenter St Croix Nature Center,44.7671874,-92.81450379,Aves,Bald eagle,Plasma,1,1,NA,2009,0.48,<0.12,24,6.6,260,<0.12,2.8,<0.12,1.1,2.5,<0.12,580,<0.12,1.7,2.7,6.7
#25 Dykstra et al (2021),GLKN2009M031,3900,1,Nestling,0.112328767,Lake Superior,L-SACN,Maine on St Croix,45.1979145,-92.76783875,Aves,Bald eagle,Plasma,1,1,NA,2009,0.1,<0.12,5.3,4.8,56,<0.12,1.9,<0.12,1.2,3.2,0.15,550,<0.12,1.1,2.5,2.2
#25 Dykstra et al (2021),GLKN2009B47B,3400,1,Nestling,0.084931507,Lake Superior,L-SACN,High Bridge,46.38900174,-90.7384711,Aves,Bald eagle,Plasma,1,1,NA,2009,0.48,<0.12,26,18,310,<0.12,2.6,<0.12,1.1,3.5,0.42,690,<0.12,2,3.6,9.6
#25 Dykstra et al (2021),GLKN2009B47A,3600,0,Nestling,0.123287671,Lake Superior,L-SACN,McLeods Slough,45.26667216,-92.75604703,Aves,Bald eagle,Plasma,1,1,NA,2009,0.25,<0.12,18,7.2,130,<0.12,1.4,<0.12,1,3.1,<0.12,310,<0.12,1,2.4,8.1
#25 Dykstra et al (2021),GLKN2009B032,3000,0,Nestling,0.104109589,Lake Superior,MISS,Durnam Island,45.07773951,-93.28166247,Aves,Bald eagle,Plasma,1,1,NA,2009,0.15,<0.12,12,14,27,<0.12,1.1,<0.12,3,6.8,0.82,150,<0.12,0.38,1.5,5.1
#25 Dykstra et al (2021),GLKN2009M004,3100,0,Nestling,0.104109589,Lake Superior,MISS,Foster Island,45.22154585,-93.45535289,Aves,Bald eagle,Plasma,1,1,NA,2009,0.58,<0.12,9.5,17,7.8,<0.12,0.92,<0.12,1.6,3.8,0.63,110,<0.12,0.79,3,7
#25 Dykstra et al (2021),GLKN2009M007,2900,0,Nestling,0.090410959,Lake Superior,MISS,Banfill Island,45.11630974,-93.29324176,Aves,Bald eagle,Plasma,1,1,NA,2009,ND,<0.12,9,3.2,10,<0.12,0.84,<0.12,0.97,3,0.12,160,<0.12,0.67,1.2,2.5
#25 Dykstra et al (2021),GLKN2009B024,2450,1,Nestling,0.076712329,Lake Superior,MISS,Lake Rebecca,44.75205354,-92.86899176,Aves,Bald eagle,Plasma,1,1,NA,2009,4.78,<0.12,18,19,150,<0.12,4.8,<0.12,4.3,2.6,1.4,570,<0.12,0.61,2.1,5.7
#25 Dykstra et al (2021),GLKN2009M003,3600,1,Nestling,0.101369863,Lake Superior,MISS,Fort Snelling,44.89298737,-93.1787384,Aves,Bald eagle,Plasma,1,1,NA,2009,0.58,<0.12,30,27,130,<0.12,1.5,<0.12,1.8,2.7,0.25,380,<0.12,1.2,2.7,12
#25 Dykstra et al (2021),GLKN2009B010,2800,0,Nestling,0.095890411,Lake Superior,MISS,River Mile 831 Island,44.85703225,-93.01116845,Aves,Bald eagle,Plasma,1,1,NA,2009,2.18,<0.12,24,26,210,<0.12,4.4,<0.12,5.2,2.8,0.4,620,<0.12,1.5,2.4,8.7
#25 Dykstra et al (2021),GLKN2009B020,2600,0,Nestling,0.082191781,Lake Superior,MISS,Lilydale,44.9190687,-93.12739371,Aves,Bald eagle,Plasma,1,1,NA,2009,1.88,<0.12,21,24,64,<0.12,2,<0.12,2.9,3.3,0.44,310,<0.12,2.1,2.8,7.1
#25 Dykstra et al (2021),GLKN2009B014,3150,0,Nestling,0.101369863,Lake Superior,MISS,Spring Lake,44.76506986,-92.97984559,Aves,Bald eagle,Plasma,1,1,NA,2009,0.78,<0.12,28,11,120,<0.12,3.6,<0.12,2.5,3.6,<0.12,690,<0.12,1,1.3,9.5
#25 Dykstra et al (2021),GLKN2009B011,2600,0,Nestling,0.084931507,Lake Superior,MISS,NPS Island,45.0770202,-93.28163222,Aves,Bald eagle,Plasma,1,1,NA,2009,0.28,<0.12,19,19,70,<0.12,2.2,<0.12,1.8,2,0.28,450,<0.12,0.45,1.5,7.7
#25 Dykstra et al (2021),GLKN2009B016,2400,0,Nestling,0.076712329,Lake Superior,MISS,West Spring Lake,44.76795376,-92.99385595,Aves,Bald eagle,Plasma,1,1,NA,2009,0.58,<0.12,36,28,200,<0.12,5.3,<0.12,2.7,2.9,0.15,1100,<0.12,1.3,2.1,13
#25 Dykstra et al (2021),GLKN2009B017,3600,1,Nestling,0.093150685,Lake Superior,MISS,North Spring Lake,44.76572556,-92.95991326,Aves,Bald eagle,Plasma,1,1,NA,2009,0.88,<0.12,26,12,160,<0.12,3,<0.12,1.9,3.1,0.33,640,<0.12,0.96,1.8,8.5
#25 Dykstra et al (2021),GLKN2009B025,3650,1,Nestling,0.095890411,Lake Superior,MISS,Lake Rebecca South,44.74470884,-92.86119134,Aves,Bald eagle,Plasma,1,1,NA,2009,1.38,<0.12,43,9.2,410,<0.12,8.5,<0.12,4.4,4.2,0.59,1400,<0.12,1.3,2.3,11
#25 Dykstra et al (2021),GLKN2009B003,3000,1,Nestling,0.084931507,Lake Superior,MISS,Pigs Eye Isle #1,44.91842409,-93.048401,Aves,Bald eagle,Plasma,1,1,NA,2009,3.48,<0.12,6.8,6.8,24,<0.12,6.3,<0.12,13,4.8,1.3,720,<0.12,1,1.6,2.8
#25 Dykstra et al (2021),GLKN2009B007,3150,1,Nestling,0.115068493,Lake Superior,MISS,Pigs Eye South,44.90676223,-93.0264331,Aves,Bald eagle,Plasma,1,1,NA,2009,0.68,<0.12,40,26,160,<0.12,5.7,<0.12,6.7,4.5,1.1,980,<0.12,1.5,2.7,18
#25 Dykstra et al (2021),GLKN2009M010,3650,1,Nestling,0.095890411,Lake Superior,MISS,"Kings Cove, Conley Lake, Denmark",44.75243836,-92.84138859,Aves,Bald eagle,Plasma,1,1,NA,2009,13.28,<0.12,36,29,400,<0.12,9.3,<0.12,9,3.7,1.2,1000,<0.12,1.1,2.7,9.2
#25 Dykstra et al (2021),GLKN2009B034,3400,1,Nestling,0.098630137,Lake Superior,MISS,Wertheimer Island,44.89106855,-93.02179965,Aves,Bald eagle,Plasma,1,1,NA,2009,4.28,<0.12,55,21,180,<0.12,7.8,<0.12,19,3.2,0.42,1100,<0.12,1.2,2.6,14
#25 Dykstra et al (2021),GLKN2009B022,3400,0,Nestling,0.120547945,Lake Superior,MISS,Newport / River Mile 832,44.87174353,-93.01190445,Aves,Bald eagle,Plasma,1,1,NA,2009,1.78,<0.12,25,33,120,<0.12,5.3,<0.12,14,4.8,0.24,650,<0.12,1.1,3,11
#25 Dykstra et al (2021),GLKN2009B019,2850,1,Nestling,0.082191781,Lake Superior,MISS,Grey Cloud Island,44.80522319,-93.01020342,Aves,Bald eagle,Plasma,1,1,NA,2009,2.08,<0.12,24,18,300,<0.12,6.5,<0.12,4,2.8,0.43,940,<0.12,0.9,1.5,7.6
#25 Dykstra et al (2021),GLKN2009M020,3400,1,Nestling,0.087671233,Lake Superior,Pools 3+4,Hok-si-la Park,44.47235259,-92.29224567,Aves,Bald eagle,Plasma,1,1,NA,2009,0.28,<0.12,11,3.9,200,<0.12,2,<0.12,0.76,1.8,0.2,490,<0.12,0.45,1.2,4.3
#25 Dykstra et al (2021),GLKN2009B040,2050,0,Nestling,0.068493151,Lake Superior,Pools 3+4,Hay Creek,44.54066114,-92.56393995,Aves,Bald eagle,Plasma,1,1,NA,2009,0.38,<0.12,11,3.6,160,<0.12,2.8,<0.12,3.5,3.4,0.77,440,<0.12,0.76,1.6,4.6
#25 Dykstra et al (2021),GLKN2009B051,2100,0,Nestling,0.071232877,Lake Superior,Pools 3+4,Stockholm (west),44.52947534,-92.24887607,Aves,Bald eagle,Plasma,1,1,NA,2009,0.02,<0.12,13,8,220,<0.12,2.7,<0.12,1.3,1.5,0.14,520,<0.12,0.56,1.2,4.4
#25 Dykstra et al (2021),GLKN2009B038,3300,0,Nestling,0.123287671,Lake Superior,Pools 3+4,Isabelle Creek / Bay City,44.59169544,-92.44826741,Aves,Bald eagle,Plasma,1,1,NA,2009,ND,<0.12,16,3.7,130,<0.12,4.1,<0.12,2.4,2.3,0.2,800,<0.12,0.5,1.4,2.5
#25 Dykstra et al (2021),GLKN2009B050,3100,0,Nestling,0.106849315,Lake Superior,Pools 3+4,South (East) Warrentown,44.57269577,-92.34931976,Aves,Bald eagle,Plasma,1,1,NA,2009,ND,<0.12,14,3.6,140,<0.12,2.8,<0.12,3,2.3,0.29,590,<0.12,0.52,1.3,2.3
#25 Dykstra et al (2021),GLKN2009B028,3200,1,Nestling,0.109589041,Lake Superior,Pools 3+4,Twin Lakes,45.05355694,-93.3372324,Aves,Bald eagle,Plasma,1,1,NA,2009,1.68,<0.12,32,31,500,<0.12,7.9,<0.12,6.7,4.8,0.96,1200,<0.12,1.1,3.2,12
#25 Dykstra et al (2021),GLKN2009B037,4300,1,Nestling,0.126027397,Lake Superior,Pools 3+4,Catherine Pass,44.56961347,-92.45575719,Aves,Bald eagle,Plasma,1,1,NA,2009,ND,<0.12,31,19,450,<0.12,5.4,<0.12,3.2,3,0.24,960,<0.12,1.3,2.6,8.5
#25 Dykstra et al (2021),GLKN2009B042,3900,1,Nestling,0.120547945,Lake Superior,Pools 3+4,Red Wing Natural Area - Pucketville,44.56865069,-92.54460833,Aves,Bald eagle,Plasma,1,1,NA,2009,ND,<0.12,22,6,300,<0.12,5.1,<0.12,3.9,3.1,0.76,850,<0.12,0.83,2,5.7
#25 Dykstra et al (2021),GLKN2010B072,3600,1,Nestling,0.109589041,Lake Superior,APIS,Outer Island - North,47.0730687,-90.42192563,Aves,Bald eagle,Plasma,1,1,NA,2010,<0.12,<0.12,20.7,7,1,0.18,1,<0.12,0.97,47,3.9,110,<0.12,1.7,15.9,36.6
#25 Dykstra et al (2021),GLKN2010B070,2200,0,Nestling,0.093150685,Lake Superior,APIS,North Twin Island,47.06822871,-90.58704212,Aves,Bald eagle,Plasma,1,1,NA,2010,<0.12,<0.12,10.5,4.6,0.25,0.13,0.58,<0.12,0.42,24,0.88,71,<0.12,1,9,20.4
#25 Dykstra et al (2021),GLKN2010B066,3900,1,Nestling,0.106849315,Lake Superior,APIS,Michigan Island,46.88313184,-90.4793574,Aves,Bald eagle,Plasma,1,1,NA,2010,<0.12,<0.12,19.4,8.1,1.5,<0.12,0.78,<0.12,0.67,36,2.6,88,<0.12,1.7,16.7,37.3
#25 Dykstra et al (2021),GLKN2010B064,4400,1,Nestling,0.136986301,Lake Superior,APIS,Madline Island - Southwest,46.78864937,-90.77735287,Aves,Bald eagle,Plasma,1,1,NA,2010,<0.12,<0.12,22.3,8.7,3.7,0.12,1.1,<0.12,1.1,57,1.9,130,<0.12,2,16.7,41.6
#25 Dykstra et al (2021),GLKN2010B074,3500,1,Nestling,0.104109589,Lake Superior,APIS,Rocky Island - South,47.02264863,-90.68488623,Aves,Bald eagle,Plasma,1,1,NA,2010,<0.12,<0.12,23.5,8.8,1.9,<0.12,0.78,<0.12,0.77,54,1.5,98,<0.12,1.5,13.2,39.2
#25 Dykstra et al (2021),GLKN2010B062,4500,1,Nestling,0.131506849,Lake Superior,APIS,Madeline Island - East,46.79927244,-90.66459598,Aves,Bald eagle,Plasma,1,1,NA,2010,<0.12,<0.12,17,7.3,1.4,<0.12,1.1,<0.12,0.99,52,1.7,100,<0.12,1.4,12.3,34.7
#25 Dykstra et al (2021),GLKN2010B075,4300,1,Nestling,0.117808219,Lake Superior,APIS,Otter Island South,46.98502383,-90.70117795,Aves,Bald eagle,Plasma,1,1,NA,2010,<0.12,<0.12,25.4,10,1.9,<0.12,0.66,<0.12,0.41,47,0.46,120,<0.12,1.8,17.8,46.5
#25 Dykstra et al (2021),GLKN2010B076,3700,0,Nestling,0.145205479,Lake Superior,APIS,York Island,46.98342896,-90.86301815,Aves,Bald eagle,Plasma,1,1,NA,2010,0.2,<0.12,22.7,8.6,3.2,<0.12,1.1,<0.12,1,54,1.8,140,<0.12,1.4,15.2,37.1
#25 Dykstra et al (2021),GLKN2010B067,3700,0,Nestling,0.126027397,Lake Superior,APIS,Squaw Bay / Meyers Beach,46.88774364,-91.04173131,Aves,Bald eagle,Plasma,1,1,NA,2010,<0.12,<0.12,24.6,10.8,3.4,<0.12,0.714,<0.12,0.8,55,0.55,120,<0.12,1.5,14,46.7
#25 Dykstra et al (2021),GLKN2010M030,3300,0,Nestling,0.136986301,Lake Superior,L-SACN,Franconia,45.37160445,-92.69220373,Aves,Bald eagle,Plasma,1,1,NA,2010,<0.12,<0.12,4.1,1.1,63,<0.12,0.48,<0.12,0.82,1.9,<0.12,130,<0.12,0.24,0.64,3.3
#25 Dykstra et al (2021),GLKN2010M033,3100,1,Nestling,0.106849315,Lake Superior,L-SACN,Osceola Bridge,45.32820882,-92.68297422,Aves,Bald eagle,Plasma,1,1,NA,2010,<0.12,<0.12,3,1.4,13,<0.12,0.19,<0.12,0.38,1.3,0.24,37,<0.12,0.46,0.92,2.6
#25 Dykstra et al (2021),GLKN2010M035,2600,1,Nestling,0.084931507,Lake Superior,L-SACN,Kinni Delta,44.82947044,-92.76681755,Aves,Bald eagle,Plasma,1,1,NA,2010,0.75,<0.12,11.8,2.8,100,<0.12,1.2,<0.12,0.9,3.1,0.8,310,<0.12,0.77,1.3,4.9
#25 Dykstra et al (2021),GLKN2010M036,3150,1,Nestling,0.095890411,Lake Superior,L-SACN,South Kinni Delta,44.82541207,-92.77103137,Aves,Bald eagle,Plasma,1,1,NA,2010,ND,<0.12,24,6.6,270,<0.12,2.2,<0.12,1.2,5.2,0.55,810,<0.12,1.1,2,12
#25 Dykstra et al (2021),GLKN2010B035,3250,0,Nestling,0.112328767,Lake Superior,L-SACN,Lake St Croix South,44.90154783,-92.76319879,Aves,Bald eagle,Plasma,1,1,NA,2010,0.66,<0.12,7.8,2.5,90,<0.12,0.54,<0.12,0.46,2,0.13,240,<0.12,0.73,1.2,4.6
#25 Dykstra et al (2021),GLKN2010B034,4050,1,Nestling,0.115068493,Lake Superior,L-SACN,Lake St Croix YMCA camp South,44.93728665,-92.73723779,Aves,Bald eagle,Plasma,1,1,NA,2010,<0.12,<0.12,8.3,2.8,350,<0.12,1.1,<0.12,0.23,1.8,0.15,450,<0.12,0.84,1.3,4.71
#25 Dykstra et al (2021),GLKN2010B042,3900,1,Nestling,0.126027397,Lake Superior,L-SACN,Apple River Confluence,45.1487059,-92.73903703,Aves,Bald eagle,Plasma,1,1,NA,2010,<0.12,<0.12,12.5,2.6,780,0.26,1.1,<0.12,1.2,3,<0.12,1000,<0.12,1.8,3.7,7.2
#25 Dykstra et al (2021),GLKN2010B045,3000,0,Nestling,0.123287671,Lake Superior,L-SACN,Houlton North,45.07403464,-92.79004564,Aves,Bald eagle,Plasma,1,1,NA,2010,0.12,<0.12,13.1,4.8,150,<0.12,1.1,<0.12,0.61,3.7,0.23,410,<0.12,0.71,1.2,6.2
#25 Dykstra et al (2021),GLKN2010B033,3500,0,Nestling,0.098630137,Lake Superior,L-SACN,Carpenter St Croix Nature Center,44.7671874,-92.81450379,Aves,Bald eagle,Plasma,1,1,NA,2010,0.7,<0.12,18.3,5.3,240,<0.12,2.4,<0.12,1.9,3.2,0.26,660,<0.12,1.1,1.9,9.1
#25 Dykstra et al (2021),GLKN2010M034,2400,1,Nestling,0.084931507,Lake Superior,L-SACN,Maine on St Croix,45.1979145,-92.76783875,Aves,Bald eagle,Plasma,1,1,NA,2010,<0.12,<0.12,10.7,2.1,150,<0.12,1.1,<0.12,1,3.1,0.12,370,<0.12,0.41,1,5.4
#25 Dykstra et al (2021),GLKN2010B044,3200,0,Nestling,0.109589041,Lake Superior,L-SACN,High Bridge,46.38900174,-90.7384711,Aves,Bald eagle,Plasma,1,1,NA,2010,<0.12,<0.12,17.3,4.4,200,<0.12,1.6,<0.12,1.4,4.4,0.23,540,<0.12,0.76,1.5,8
#25 Dykstra et al (2021),GLKN2010B041,4500,1,Nestling,0.153424658,Lake Superior,L-SACN,McLeods Slough,45.26667216,-92.75604703,Aves,Bald eagle,Plasma,1,1,NA,2010,<0.12,<0.12,11.4,2.7,100,<0.12,1.2,<0.12,1.6,4,0.18,370,<0.12,0.66,1.6,6
#25 Dykstra et al (2021),GLKN2010B040,3550,0,Nestling,0.136986301,Lake Superior,L-SACN,West Hudson,44.96907007,-92.75508899,Aves,Bald eagle,Plasma,1,1,NA,2010,0.22,<0.12,17.3,4.4,210,<0.12,1.7,<0.12,0.9,3.7,0.15,650,<0.12,0.92,1.4,8.4
#25 Dykstra et al (2021),GLKN2010M014,3000,0,Nestling,0.126027397,Lake Superior,MISS,Foster Island,45.22154585,-93.45535289,Aves,Bald eagle,Plasma,1,1,NA,2010,0.4,<0.12,4.1,1.2,3.7,<0.12,0.26,<0.12,0.34,3.1,0.18,45,<0.12,0.33,0.58,3
#25 Dykstra et al (2021),GLKN2010B027,3050,0,Nestling,0.117808219,Lake Superior,MISS,Banfill Island,45.11630974,-93.29324176,Aves,Bald eagle,Plasma,1,1,NA,2010,0.16,<0.12,10.1,2,25,<0.12,0.66,<0.12,0.86,5.5,0.25,130,<0.12,0.43,0.67,4.4
#25 Dykstra et al (2021),GLKN2010M015,4100,1,Nestling,0.115068493,Lake Superior,MISS,Goodin Island,45.23918961,-93.50349813,Aves,Bald eagle,Plasma,1,1,NA,2010,0.41,<0.12,3.6,1.2,2.6,<0.12,0.29,<0.12,0.88,2.3,0.29,48,<0.12,0.3,0.48,2.1
#25 Dykstra et al (2021),GLKN2010B029,3250,1,Nestling,0.095890411,Lake Superior,MISS,Lake Rebecca,44.75205354,-92.86899176,Aves,Bald eagle,Plasma,1,1,NA,2010,1.2,<0.12,19.2,4.7,210,<0.12,4.6,<0.12,4.6,4.6,1.9,840,<0.12,1.1,1.5,8
#25 Dykstra et al (2021),GLKN2010B031,3850,1,Nestling,0.120547945,Lake Superior,MISS,Vermillion,44.67685468,-92.96859692,Aves,Bald eagle,Plasma,1,1,NA,2010,0.58,<0.12,26.8,6.2,280,<0.12,3.9,<0.12,7.5,5.1,0.3,870,<0.12,0.9,1.8,10.4
#25 Dykstra et al (2021),GLKN2010B024,3250,0,Nestling,0.112328767,Lake Superior,MISS,Fort Snelling,44.89298737,-93.1787384,Aves,Bald eagle,Plasma,1,1,NA,2010,0.54,<0.12,25.6,8.3,46,<0.12,1.8,<0.12,6.3,5.9,0.8,280,<0.12,1.2,1.5,10.6
#25 Dykstra et al (2021),GLKN2010B018,3250,0,Nestling,0.117808219,Lake Superior,MISS,Lilydale,44.9190687,-93.12739371,Aves,Bald eagle,Plasma,1,1,NA,2010,0.24,<0.12,25.6,5.5,110,<0.12,2.2,<0.12,2,5.9,0.35,570,<0.12,1.1,1.7,10.5
#25 Dykstra et al (2021),GLKN2010M005,3300,0,Nestling,0.147945205,Lake Superior,MISS,Spring Lake,44.76506986,-92.97984559,Aves,Bald eagle,Plasma,1,1,NA,2010,0.87,<0.12,17.7,3.9,55,<0.12,1.7,<0.12,2.5,6,0.58,340,<0.12,0.61,1.1,9.3
#25 Dykstra et al (2021),GLKN2010B011,3100,0,Nestling,0.126027397,Lake Superior,MISS,NPS Island,45.0770202,-93.28163222,Aves,Bald eagle,Plasma,1,1,NA,2010,0.9,<0.12,17.4,4.4,230,<0.12,2.7,<0.12,3.7,2.8,0.29,710,<0.12,0.83,1.3,8.4
#25 Dykstra et al (2021),GLKN2010B013,3000,0,Nestling,0.117808219,Lake Superior,MISS,West Spring Lake,44.76795376,-92.99385595,Aves,Bald eagle,Plasma,1,1,NA,2010,0.33,<0.12,23.6,4.9,120,<0.12,2.1,<0.12,3.5,5.6,0.4,450,<0.12,0.71,1.1,9.7
#25 Dykstra et al (2021),GLKN2010M007,4600,1,Nestling,0.142465753,Lake Superior,MISS,North Spring Lake,44.76572556,-92.95991326,Aves,Bald eagle,Plasma,1,1,NA,2010,0.36,<0.12,24.7,6.3,220,<0.12,4.7,<0.12,8.2,7.1,0.47,660,<0.12,1.9,2.3,9.5
#25 Dykstra et al (2021),GLKN2010B008,2800,0,Nestling,0.098630137,Lake Superior,MISS,Pine Bluff,44.79061565,-93.02622344,Aves,Bald eagle,Plasma,1,1,NA,2010,1,<0.12,13,3.7,68,<0.12,2.7,<0.12,4.3,2.4,0.5,420,<0.12,0.87,1.5,5.6
#25 Dykstra et al (2021),GLKN2010M004,3250,0,Nestling,0.126027397,Lake Superior,MISS,West Spring Lake - South West,44.76690566,-93.00382222,Aves,Bald eagle,Plasma,1,1,NA,2010,0.38,<0.12,16.7,4.4,79,<0.12,2.5,<0.12,4.1,6,0.47,500,<0.12,0.49,1,8.9
#25 Dykstra et al (2021),GLKN2010M018,4100,1,Nestling,0.126027397,Lake Superior,MISS,Prescott Island,44.7429687,-92.80307461,Aves,Bald eagle,Plasma,1,1,NA,2010,0.56,<0.12,31.6,8.2,450,<0.12,4.3,<0.12,3.3,5.9,0.32,1300,<0.12,1.6,2.4,16.5
#25 Dykstra et al (2021),GLKN2010M011,2700,0,Nestling,0.109589041,Lake Superior,MISS,Kings Island,45.2130693,-93.41917334,Aves,Bald eagle,Plasma,1,1,NA,2010,<0.12,<0.12,4.7,0.9,3.3,<0.12,0.23,<0.12,0.27,3.3,0.16,46,<0.12,0.28,0.55,2.2
#25 Dykstra et al (2021),GLKN2010B001,4450,1,Nestling,0.134246575,Lake Superior,MISS,Pigs Eye Isle #1,44.91842409,-93.048401,Aves,Bald eagle,Plasma,1,1,NA,2010,0.065,<0.12,23.1,5.4,65,<0.12,4.9,<0.12,23.2,5.5,0.87,580,<0.12,1.3,1.7,13.1
#25 Dykstra et al (2021),GLKN2010B004,4200,1,Nestling,0.134246575,Lake Superior,MISS,Pigs Eye South,44.90676223,-93.0264331,Aves,Bald eagle,Plasma,1,1,NA,2010,1.1,<0.12,28.1,8.1,160,<0.12,5.5,<0.12,7.6,8.5,1.4,990,<0.12,1.7,2.8,13.6
#25 Dykstra et al (2021),GLKN2010B022,4400,1,Nestling,0.123287671,Lake Superior,MISS,Pike Island,44.89233522,-93.16659012,Aves,Bald eagle,Plasma,1,1,NA,2010,0.24,<0.12,24.1,6.3,98,<0.12,1.3,<0.12,2.2,5.2,0.39,490,<0.12,1.5,1.8,10.1
#25 Dykstra et al (2021),GLKN2010M016,4800,1,Nestling,0.147945205,Lake Superior,MISS,"Kings Cove, Conley Lake, Denmark",44.75243836,-92.84138859,Aves,Bald eagle,Plasma,1,1,NA,2010,1.1,<0.12,29.1,10.4,380,<0.12,4.4,<0.12,5.7,6.3,1,1250,<0.12,1.9,2.8,13.9
#25 Dykstra et al (2021),GLKN2010M001,3350,1,Nestling,0.106849315,Lake Superior,MISS,Wertheimer Island,44.89106855,-93.02179965,Aves,Bald eagle,Plasma,1,1,NA,2010,2.7,<0.12,17.7,5.6,74,<0.12,9.1,<0.12,46.7,4.6,0.71,740,<0.12,1.2,1.9,8.5
#25 Dykstra et al (2021),GLKN2010B017,3500,0,Nestling,0.136986301,Lake Superior,MISS,Newport / River Mile 832,44.87174353,-93.01190445,Aves,Bald eagle,Plasma,1,1,NA,2010,0.33,<0.12,23.4,8.4,100,<0.12,5.9,<0.12,13.7,8.2,1,740,<0.12,1.8,2.4,14.1
#25 Dykstra et al (2021),GLKN2010M009,3200,0,Nestling,0.117808219,Lake Superior,MISS,Grey Cloud Island,44.80522319,-93.01020342,Aves,Bald eagle,Plasma,1,1,NA,2010,1.3,<0.12,20.6,7.1,460,<0.12,4.3,<0.12,4.5,3.9,0.36,920,<0.12,1.1,1.9,10
#25 Dykstra et al (2021),GLKN2010B012,3350,0,Nestling,0.112328767,Lake Superior,MISS,Baldwin Lake,44.78038635,-93.00479347,Aves,Bald eagle,Plasma,1,1,NA,2010,0.92,<0.12,23.3,6.1,130,<0.12,3.1,<0.12,6.2,6,1.1,670,<0.12,1.1,1.7,13.9
#25 Dykstra et al (2021),GLKN2010B056,4100,1,Nestling,0.153424658,Lake Superior,U-SACN,Big Island,46.08037023,-92.22256448,Aves,Bald eagle,Plasma,1,1,NA,2010,0.48,<0.12,2.7,0.71,1.1,<0.12,0.24,<0.12,<0.12,2.5,0.21,24,<0.12,0.15,0.52,3.6
#25 Dykstra et al (2021),GLKN2010B051,3150,0,Nestling,0.106849315,Lake Superior,U-SACN,Paint Mine / Seven Islands,45.84341726,-92.74178246,Aves,Bald eagle,Plasma,1,1,NA,2010,0.44,<0.12,4,0.72,0.5,<0.12,0.162,<0.12,0.17,5.1,0.25,21,<0.12,0.14,0.42,3.9
#25 Dykstra et al (2021),GLKN2010B050,2300,0,Nestling,0.098630137,Lake Superior,U-SACN,Clam River,45.94740221,-92.54472516,Aves,Bald eagle,Plasma,1,1,NA,2010,0.28,<0.12,2.3,0.44,0.64,<0.12,<0.12,<0.12,<0.12,2.3,<0.12,12,<0.12,0.13,0.3,2.9
#25 Dykstra et al (2021),GLKN2010B061,4300,1,Nestling,0.150684932,Lake Superior,U-SACN,Namekagon River North,46.09397912,-92.12108086,Aves,Bald eagle,Plasma,1,1,NA,2010,<0.12,<0.12,4.1,1.2,3,<0.12,0.24,<0.12,0.27,4.3,0.16,36,<0.12,0.17,0.61,5.1
#25 Dykstra et al (2021),GLKN2010B047,3500,1,Nestling,0.106849315,Lake Superior,U-SACN,Lions Park,45.42979885,-92.64706367,Aves,Bald eagle,Plasma,1,1,NA,2010,0.88,<0.12,4.2,1.1,20,<0.12,0.31,<0.12,<0.12,3,0.17,77,<0.12,0.3,0.66,3.1
#25 Dykstra et al (2021),GLKN2010B048,3000,1,Nestling,0.095890411,Lake Superior,U-SACN,Restoration Island,46.01364976,-92.35543144,Aves,Bald eagle,Plasma,1,1,NA,2010,0.9,<0.12,2.4,0.65,1.5,0.12,0.13,<0.12,<0.12,2.4,0.4,20,<0.12,0.15,0.5,3.2
#25 Dykstra et al (2021),GLKN2010B049,2850,1,Nestling,0.090410959,Lake Superior,U-SACN,Wolf Creek East,45.55508005,-92.71828029,Aves,Bald eagle,Plasma,1,1,NA,2010,0.29,<0.12,1.1,0.29,<0.12,<0.12,<0.12,<0.12,0.17,1.4,<0.12,9.1,<0.12,0.15,0.26,1.3
#25 Dykstra et al (2021),GLKN2010B060,4100,1,Nestling,0.139726027,Lake Superior,U-SACN,Phipps Flowage,46.06648057,-91.41684182,Aves,Bald eagle,Plasma,1,1,NA,2010,<0.12,<0.12,2.2,0.84,1.2,<0.12,0.17,<0.12,0.17,3.3,<0.12,23,<0.12,0.17,0.43,3.1
#25 Dykstra et al (2021),GLKN2010B059,2900,0,Nestling,0.112328767,Lake Superior,U-SACN,Stinnett,45.98489563,-91.59094151,Aves,Bald eagle,Plasma,1,1,NA,2010,<0.12,<0.12,1.2,0.53,1.4,<0.12,<0.12,<0.12,0.19,2,<0.12,11,<0.12,<0.12,0.13,1.5
#25 Dykstra et al (2021),GLKN2010B053,4800,1,Nestling,0.147945205,Lake Superior,U-SACN,Howells Landing,46.02835949,-92.01115629,Aves,Bald eagle,Plasma,1,1,NA,2010,0.48,<0.12,2,0.7,0.29,<0.12,<0.12,<0.12,<0.12,2.6,0.17,12,<0.12,0.19,0.61,3.1
#25 Dykstra et al (2021),GLKN2010B057,4400,1,Nestling,0.142465753,Lake Superior,U-SACN,Trego Lake,45.91357865,-91.83963353,Aves,Bald eagle,Plasma,1,1,NA,2010,0.24,<0.12,2.2,0.77,0.68,<0.12,<0.12,<0.12,<0.12,1.6,<0.12,17,<0.12,0.19,0.61,3.3
#25 Dykstra et al (2021),GLKN2011B050,2100,1,Nestling,0.063013699,Lake Superior,APIS,North Twin Island,47.06822871,-90.58704212,Aves,Bald eagle,Plasma,1,1,NA,2011,<0.12,0.34,14,5.3,1.8,<0.12,1.4,<0.12,2.1,39,1.3,120,<0.12,9.1,34,28
#25 Dykstra et al (2021),GLKN2011B053,2800,0,Nestling,0.090410959,Lake Superior,APIS,Michigan Island,46.88313184,-90.4793574,Aves,Bald eagle,Plasma,1,1,NA,2011,<0.12,0.34,20,8.3,1.7,<0.12,1.8,<0.12,1.5,36,1.2,160,<0.12,11,39,37
#25 Dykstra et al (2021),GLKN2011B061,3400,0,Nestling,0.128767123,Lake Superior,APIS,Madline Island - Southwest,46.78864937,-90.77735287,Aves,Bald eagle,Plasma,1,1,NA,2011,22,<0.12,77,27,100,6.1,5.4,5,8.6,160,8.3,830,<0.12,12,44,110
#25 Dykstra et al (2021),GLKN2011B051,2500,1,Nestling,0.068493151,Lake Superior,APIS,Rocky Island - South,47.02264863,-90.68488623,Aves,Bald eagle,Plasma,1,1,NA,2011,0.3,0.35,25,8.6,1.5,<0.12,0.74,<0.12,0.6,61,3.5,110,<0.12,13,49,43
#25 Dykstra et al (2021),GLKN2011B063,4400,1,Nestling,0.136986301,Lake Superior,APIS,Madeline Island - East,46.79927244,-90.66459598,Aves,Bald eagle,Plasma,1,1,NA,2011,<0.12,0.33,24,10,1.4,<0.12,0.9,<0.12,0.81,85,1.7,130,<0.12,11,43,41
#25 Dykstra et al (2021),GLKN2011B059,3000,0,Nestling,0.093150685,Lake Superior,APIS,Otter Island South,46.98502383,-90.70117795,Aves,Bald eagle,Plasma,1,1,NA,2011,<0.12,0.36,37,13,2,<0.12,0.92,<0.12,0.77,74,1.8,140,<0.12,15,57,69
#25 Dykstra et al (2021),GLKN2011B054,3900,0,Nestling,0.112328767,Lake Superior,APIS,Basswood Island - North,46.87200933,-90.7312338,Aves,Bald eagle,Plasma,1,1,NA,2011,3.4,0.33,34,16,<0.12,<0.12,0.98,<0.12,0.52,78,1.6,170,<0.12,19,61,51
#25 Dykstra et al (2021),GLKN2011B056,3800,0,Nestling,0.123287671,Lake Superior,APIS,York Island,46.98342896,-90.86301815,Aves,Bald eagle,Plasma,1,1,NA,2011,<0.12,0.34,19,7.1,7.7,<0.12,0.96,<0.12,0.8,46,1.7,150,<0.12,11,38,30
#25 Dykstra et al (2021),GLKN2011B055,3670,0,Nestling,0.123287671,Lake Superior,APIS,Squaw Bay / Meyers Beach,46.88774364,-91.04173131,Aves,Bald eagle,Plasma,1,1,NA,2011,<0.12,0.34,48,19,2.6,<0.12,1,<0.12,0.9,89,1.9,190,<0.12,16,63,80
#25 Dykstra et al (2021),GLKN2011B032,3400,1,Nestling,0.104109589,Lake Superior,L-SACN,Franconia,45.37160445,-92.69220373,Aves,Bald eagle,Plasma,1,1,NA,2011,32,<0.12,30,13,560,6.1,2,4.9,8.3,12,4.9,440,0.66,9.2,11,19
#25 Dykstra et al (2021),GLKN2011B049,3300,1,Nestling,0.126027397,Lake Superior,L-SACN,Franconia,45.37160445,-92.69220373,Aves,Bald eagle,Plasma,1,1,NA,2011,<0.12,0.33,12,5.1,65,<0.12,1.1,<0.12,0.71,3.6,<0.12,390,<0.12,9.2,13,7.2
#25 Dykstra et al (2021),GLKN2011B023,3200,0,Nestling,0.095890411,Lake Superior,L-SACN,South Kinni Delta,44.82541207,-92.77103137,Aves,Bald eagle,Plasma,1,1,NA,2011,0.14,0.37,11,4.2,110,<0.12,1.2,<0.12,1,1.8,<0.12,450,<0.12,9.9,12,6
#25 Dykstra et al (2021),GLKN2011B031,4570,1,Nestling,0.134246575,Lake Superior,L-SACN,Lower Lake / Peaslee Lake / Rice Lake,45.35684888,-92.69502636,Aves,Bald eagle,Plasma,1,1,NA,2011,1.6,0.34,11,4.2,91,<0.12,1.3,<0.12,2.4,3.8,0.16,390,<0.12,8.1,11,6.7
#25 Dykstra et al (2021),GLKN2011B021,3650,1,Nestling,0.115068493,Lake Superior,L-SACN,Lake St Croix South,44.90154783,-92.76319879,Aves,Bald eagle,Plasma,1,1,NA,2011,0.7,0.33,16,5.8,130,<0.12,1.1,<0.12,0.73,3.4,<0.12,470,<0.12,13,13,7.6
#25 Dykstra et al (2021),GLKN2011M023,4150,1,Nestling,0.131506849,Lake Superior,L-SACN,Houlton North,45.07403464,-92.79004564,Aves,Bald eagle,Plasma,1,1,NA,2011,0.87,0.33,18,7.9,140,<0.12,2.4,<0.12,3.4,4.7,0.34,730,<0.12,13,12,9.3
#25 Dykstra et al (2021),GLKN2011M025,2350,0,Nestling,0.071232877,Lake Superior,L-SACN,King Power Plant,45.03261274,-92.77737312,Aves,Bald eagle,Plasma,1,1,NA,2011,<0.12,0.33,11,5.3,94,<0.12,1.9,<0.12,1.9,3.1,0.39,370,<0.12,11,11,5.9
#25 Dykstra et al (2021),GLKN2011B016,3300,0,Nestling,0.117808219,Lake Superior,L-SACN,Carpenter St Croix Nature Center,44.7671874,-92.81450379,Aves,Bald eagle,Plasma,1,1,NA,2011,1.7,0.33,27,9,160,<0.12,2.4,<0.12,1.2,3.7,<0.12,950,<0.12,13,14,12
#25 Dykstra et al (2021),GLKN2011B030,3300,0,Nestling,0.123287671,Lake Superior,L-SACN,Maine on St Croix,45.1979145,-92.76783875,Aves,Bald eagle,Plasma,1,1,NA,2011,1,0.33,15,5.2,130,<0.12,1.9,<0.12,1.6,4.2,<0.12,560,<0.12,9.5,12,6.7
#25 Dykstra et al (2021),GLKN2011M022,3150,0,Nestling,0.098630137,Lake Superior,L-SACN,High Bridge,46.38900174,-90.7384711,Aves,Bald eagle,Plasma,1,1,NA,2011,0.96,0.36,16,6.8,140,<0.12,2,<0.12,1.7,3.3,<0.12,670,<0.12,11,12,8.7
#25 Dykstra et al (2021),GLKN2011M027,4200,1,Nestling,0.128767123,Lake Superior,L-SACN,McLeods Slough,45.26667216,-92.75604703,Aves,Bald eagle,Plasma,1,1,NA,2011,1.5,0.33,22,7.8,110,<0.12,2.3,<0.12,2.5,5.3,<0.12,700,<0.12,11,12,11
#25 Dykstra et al (2021),GLKN2011B027,3650,0,Nestling,0.145205479,Lake Superior,L-SACN,West Hudson,44.96907007,-92.75508899,Aves,Bald eagle,Plasma,1,1,NA,2011,4.4,0.39,15,6.6,100,<0.12,1.9,<0.12,1.9,3.1,<0.12,520,<0.12,13,11,8.8
#25 Dykstra et al (2021),GLKN2011B028,3970,0,Nestling,0.153424658,Lake Superior,L-SACN,Hudson Swing Bridge,44.98034889,-92.77053695,Aves,Bald eagle,Plasma,1,1,NA,2011,1,0.34,19,7.3,160,<0.12,2,<0.12,1.5,4.4,<0.12,680,<0.12,14,12,10
#25 Dykstra et al (2021),GLKN2011B014,3500,1,Nestling,0.093150685,Lake Superior,MISS,Durnam Island,45.07773951,-93.28166247,Aves,Bald eagle,Plasma,1,1,NA,2011,0.76,0.38,9.9,4.9,8.5,<0.12,0.58,<0.12,1.1,2.5,0.18,130,<0.12,7.4,7.3,5.8
#25 Dykstra et al (2021),GLKN2011M013,3670,1,Nestling,0.106849315,Lake Superior,MISS,Foster Island,45.22154585,-93.45535289,Aves,Bald eagle,Plasma,1,1,NA,2011,0.49,0.34,6.7,2.1,2.6,<0.12,0.43,<0.12,0.74,3.2,0.14,92,<0.12,4.5,4.9,3.6
#25 Dykstra et al (2021),GLKN2011B012,4500,1,Nestling,0.131506849,Lake Superior,MISS,Banfill Island,45.11630974,-93.29324176,Aves,Bald eagle,Plasma,1,1,NA,2011,1.1,0.33,9.9,4,4.6,<0.12,0.59,<0.12,1.5,4,<0.12,140,<0.12,6.6,7.4,4.9
#25 Dykstra et al (2021),GLKN2011M012,2800,0,Nestling,0.095890411,Lake Superior,MISS,Goodin Island,45.23918961,-93.50349813,Aves,Bald eagle,Plasma,1,1,NA,2011,<0.12,0.35,2.6,1.3,2,<0.12,0.43,<0.12,2.3,1.4,<0.12,62,<0.12,2.6,3,1.8
#25 Dykstra et al (2021),GLKN2011M017,3400,1,Nestling,0.109589041,Lake Superior,MISS,Vermillion,44.67685468,-92.96859692,Aves,Bald eagle,Plasma,1,1,NA,2011,1.5,0.34,28,10,220,<0.12,3.2,<0.12,3.1,4.6,0.28,1000,<0.12,11,10,12
#25 Dykstra et al (2021),GLKN2011B019,3300,0,Nestling,0.104109589,Lake Superior,MISS,Prescott,44.74932224,-92.78106436,Aves,Bald eagle,Plasma,1,1,NA,2011,1.1,0.38,13,5.5,120,<0.12,3.3,<0.12,2.6,2.5,<0.12,540,<0.12,11,7.7,6
#25 Dykstra et al (2021),GLKN2011M020,3650,1,Nestling,0.106849315,Lake Superior,MISS,Gores WMA,44.7376821,-92.81913509,Aves,Bald eagle,Plasma,1,1,NA,2011,36,<0.12,85,24,4100,6.6,9.4,5.7,16,19,7.2,3000,<0.12,12,12,33
#25 Dykstra et al (2021),GLKN2011B006,3500,0,Nestling,0.131506849,Lake Superior,MISS,Macalester,44.93426996,-93.19891359,Aves,Bald eagle,Plasma,1,1,NA,2011,12,0.41,17,7.5,82,<0.12,4,<0.12,7.4,3.5,0.72,810,<0.12,9.1,14,9.4
#25 Dykstra et al (2021),GLKN2011B008,4200,1,Nestling,0.128767123,Lake Superior,MISS,NPS Island,45.0770202,-93.28163222,Aves,Bald eagle,Plasma,1,1,NA,2011,2.8,0.33,16,7.7,68,<0.12,2.7,<0.12,5.2,2.8,0.31,530,<0.12,16,14,8.6
#25 Dykstra et al (2021),GLKN2011M006,2800,0,Nestling,0.087671233,Lake Superior,MISS,West Spring Lake,44.76795376,-92.99385595,Aves,Bald eagle,Plasma,1,1,NA,2011,1.6,0.33,15,8.5,47,<0.12,2.4,<0.12,2.9,3,0.24,420,<0.12,12,9.2,1.7
#25 Dykstra et al (2021),GLKN2011M004,4500,1,Nestling,0.128767123,Lake Superior,MISS,West Spring Lake - South West,44.76690566,-93.00382222,Aves,Bald eagle,Plasma,1,1,NA,2011,78,<0.12,51,17,720,5.7,16,5.1,20,18,9.9,4200,0.66,10,12,24
#25 Dykstra et al (2021),GLKN2011B020,4300,1,Nestling,0.136986301,Lake Superior,MISS,Prescott Island,44.7429687,-92.80307461,Aves,Bald eagle,Plasma,1,1,NA,2011,1.7,0.36,20,7.8,150,<0.12,3.5,<0.12,4.5,3.7,0.16,820,<0.12,310,10,2.2
#25 Dykstra et al (2021),GLKN2011M015,3270,0,Nestling,0.115068493,Lake Superior,MISS,Kings Island,45.2130693,-93.41917334,Aves,Bald eagle,Plasma,1,1,NA,2011,0.18,0.34,2.6,1.8,1.9,<0.12,0.57,<0.12,2,1.6,<0.12,47,<0.12,4.8,3.8,2.1
#25 Dykstra et al (2021),GLKN2011B002,3100,0,Nestling,0.109589041,Lake Superior,MISS,Pigs Eye Isle #1,44.91842409,-93.048401,Aves,Bald eagle,Plasma,1,1,NA,2011,4.1,0.33,19,10,40,<0.12,6.5,<0.12,27,8.5,0.88,690,<0.12,21,14,8.9
#25 Dykstra et al (2021),GLKN2011B001,3550,0,Nestling,0.052054795,Lake Superior,MISS,Pigs Eye Rookery,44.89644327,-93.02206968,Aves,Bald eagle,Plasma,1,1,NA,2011,1.4,0.37,7.4,3.9,23,<0.12,1.5,<0.12,2.5,1.2,0.49,270,<0.12,7.6,7.7,4.4
#25 Dykstra et al (2021),GLKN2011B011,3000,0,Nestling,0.095890411,Lake Superior,MISS,Pike Island,44.89233522,-93.16659012,Aves,Bald eagle,Plasma,1,1,NA,2011,2.5,0.33,11,5.2,17,<0.12,1.2,<0.12,2.6,3.1,0.35,240,<0.12,11,9.6,5.9
#25 Dykstra et al (2021),GLKN2011M002,2870,1,Nestling,0.079452055,Lake Superior,MISS,Wertheimer Island,44.89106855,-93.02179965,Aves,Bald eagle,Plasma,1,1,NA,2011,5,0.33,13,7.5,52,<0.12,2.6,<0.12,3.9,2.4,0.76,590,<0.12,10,8.2,6.5
#25 Dykstra et al (2021),GLKN2011B009,3250,1,Nestling,0.084931507,Lake Superior,MISS,Grey Cloud Island,44.80522319,-93.01020342,Aves,Bald eagle,Plasma,1,1,NA,2011,3.9,0.33,20,5.6,150,<0.12,5,<0.12,7.5,4.2,0.48,800,<0.12,7.7,7.4,8.8
#25 Dykstra et al (2021),GLKN2011M001,3300,0,Nestling,0.106849315,Lake Superior,MISS,Wertheimer Island North,44.89187928,-93.0226387,Aves,Bald eagle,Plasma,1,1,NA,2011,2.3,0.33,14,7,61,<0.12,3.8,<0.12,7.9,3.6,0.62,570,<0.12,11,8.3,1.7
#25 Dykstra et al (2021),GLKN2011M007,3850,1,Nestling,0.117808219,Lake Superior,MISS,South Grey Cloud Island,44.79027639,-93.01833461,Aves,Bald eagle,Plasma,1,1,NA,2011,1.4,0.36,16,5.5,78,<0.12,4,<0.12,3.2,5.2,0.94,660,<0.12,7.4,12,7.4
#25 Dykstra et al (2021),GLKN2011B042,3150,0,Nestling,0.120547945,Lake Superior,U-SACN,Namekagon / St Croix Confluence,46.08780303,-92.17857005,Aves,Bald eagle,Plasma,1,1,NA,2011,0.66,0.35,3.1,0.93,0.83,<0.12,0.2,<0.12,0.57,3.8,0.2,22,<0.12,1.6,3.4,3.9
#25 Dykstra et al (2021),GLKN2011B046,2850,1,Nestling,0.104109589,Lake Superior,U-SACN,North Dry Creek,45.51852929,-92.72928466,Aves,Bald eagle,Plasma,1,1,NA,2011,<0.12,0.33,2.2,0.68,0.86,<0.12,0.13,<0.12,0.56,1.9,<0.12,19,<0.12,2.1,3.1,2.4
#25 Dykstra et al (2021),GLKN2011B035,3900,1,Nestling,0.128767123,Lake Superior,U-SACN,Restoration Island,46.01364976,-92.35543144,Aves,Bald eagle,Plasma,1,1,NA,2011,0.49,0.33,2.6,0.46,0.71,<0.12,<0.12,<0.12,0.16,1.5,<0.12,23,<0.12,1,2.5,3
#25 Dykstra et al (2021),GLKN2011B043,2870,0,Nestling,0.095890411,Lake Superior,U-SACN,Buckley Creek,46.20788043,-92.02458557,Aves,Bald eagle,Plasma,1,1,NA,2011,<0.12,0.33,2.3,0.5,0.44,<0.12,<0.12,<0.12,0.31,3.3,<0.12,14,<0.12,0.81,1.8,2.8
#25 Dykstra et al (2021),GLKN2011B041,3450,0,Nestling,0.112328767,Lake Superior,U-SACN,Gordon Dam,46.2550501,-91.92725587,Aves,Bald eagle,Plasma,1,1,NA,2011,<0.12,0.33,2.8,0.69,0.64,<0.12,0.16,<0.12,0.55,5.9,0.44,20,<0.12,1.5,3.3,3.4
#25 Dykstra et al (2021),GLKN2011B044,2900,0,Nestling,0.095890411,Lake Superior,U-SACN,St. Croix Flowage,46.26026515,-91.8740381,Aves,Bald eagle,Plasma,1,1,NA,2011,0.33,0.33,1.9,0.43,0.26,<0.12,2.9,<0.12,9.1,1.1,<0.12,180,<0.12,0.98,3.1,4
#25 Dykstra et al (2021),GLKN2011B047,3450,0,Nestling,0.131506849,Lake Superior,U-SACN,Head of the Rapids,45.93907291,-92.61370774,Aves,Bald eagle,Plasma,1,1,NA,2011,<0.12,0.34,3.3,0.82,2.3,<0.12,0.35,<0.12,0.59,4.6,<0.12,47,<0.12,2.2,3.8,3.5
#25 Dykstra et al (2021),GLKN2011B045,2870,0,Nestling,0.115068493,Lake Superior,U-SACN,Wolf Creek East,45.55508005,-92.71828029,Aves,Bald eagle,Plasma,1,1,NA,2011,<0.12,0.33,2.6,0.8,1.4,<0.12,0.39,<0.12,0.94,2.7,<0.12,28,<0.12,2.4,4.6,2.6
#25 Dykstra et al (2021),GLKN2011B040,4450,1,Nestling,0.147945205,Lake Superior,U-SACN,Phipps Flowage,46.06648057,-91.41684182,Aves,Bald eagle,Plasma,1,1,NA,2011,0.55,0.34,4,1.1,<0.12,<0.12,<0.12,<0.12,<0.12,3.5,<0.12,26,<0.12,1.5,5.8,5.9
#25 Dykstra et al (2021),GLKN2011B037,3450,1,Nestling,0.098630137,Lake Superior,U-SACN,Springbrook,45.95027681,-91.69209615,Aves,Bald eagle,Plasma,1,1,NA,2011,0.21,0.34,1.2,0.39,0.53,<0.12,<0.12,<0.12,<0.12,1.9,<0.12,12,<0.12,1.3,2.6,1.9
#25 Dykstra et al (2021),GLKN2011B038,3070,1,Nestling,0.084931507,Lake Superior,U-SACN,Stinnett,45.98489563,-91.59094151,Aves,Bald eagle,Plasma,1,1,NA,2011,<0.12,0.33,1.2,0.58,0.76,<0.12,<0.12,<0.12,<0.12,2.1,<0.12,11,<0.12,0.56,2.1,1.6
#25 Dykstra et al (2021),GLKN2011B036,4350,1,Nestling,0.120547945,Lake Superior,U-SACN,Trego Lake,45.91357865,-91.83963353,Aves,Bald eagle,Plasma,1,1,NA,2011,0.17,0.33,2.5,0.77,1.4,<0.12,0.16,<0.12,0.32,3.9,<0.12,24,<0.12,1.7,3.4,3.4
#25 Dykstra et al (2021),GLKN2014B049,3600,0,Nestling,0.128767123,Lake Superior,APIS,Basswood Island,46.85670692,-90.7387174,Aves,Bald eagle,Plasma,1,1,NA,2014,ND,ND,12,5.1,2.2,ND,0.62,ND,0.6,31,0.4,76,ND,1.3,8,20
#25 Dykstra et al (2021),GLKN2014B052,3400,1,Nestling,0.112328767,Lake Superior,APIS,Outer Island - South,47.00443765,-90.44082535,Aves,Bald eagle,Plasma,1,1,NA,2014,ND,ND,37,10,2.2,0.25,1,ND,1,94,2.7,120,ND,2.3,17,49
#25 Dykstra et al (2021),GLKN2014B057,4700,1,Nestling,0.142465753,Lake Superior,APIS,Madeline Island - East,46.79927244,-90.66459598,Aves,Bald eagle,Plasma,1,1,NA,2014,ND,ND,22,6.8,2.2,ND,1.2,ND,1.3,86,1.1,110,ND,1.6,12,29
#25 Dykstra et al (2021),GLKN2014B056,5500,1,Nestling,0.167123288,Lake Superior,APIS,Meech (Madeline Island),46.7822545,-90.76922124,Aves,Bald eagle,Plasma,1,1,NA,2014,ND,ND,12,4,2.5,ND,1.1,ND,1,27,0.43,130,ND,1.4,9,17
#25 Dykstra et al (2021),GLKN2014B051,4500,1,Nestling,0.117808219,Lake Superior,APIS,another Basswood,46.83408006,-90.75844051,Aves,Bald eagle,Plasma,1,1,NA,2014,ND,ND,17,5.8,2.8,ND,0.56,ND,0.49,40,0.37,69,ND,1.6,12,24
#25 Dykstra et al (2021),GLKN2014B043,3700,0,Nestling,0.128767123,Lake Superior,APIS,Basswood Island - North,46.87200933,-90.7312338,Aves,Bald eagle,Plasma,1,1,NA,2014,ND,ND,25,8,2.8,ND,1.1,ND,1.3,84,1.1,120,ND,2.3,14,36
#25 Dykstra et al (2021),GLKN2014B038,4000,1,Nestling,0.104109589,Lake Superior,APIS,York Island,46.98342896,-90.86301815,Aves,Bald eagle,Plasma,1,1,NA,2014,ND,ND,23,8.2,2.4,0.27,0.89,ND,0.95,69,6.4,99,ND,2.1,16,40
#25 Dykstra et al (2021),GLKN2014B039,4200,1,Nestling,0.123287671,Lake Superior,APIS,Sand Bay / Sand River,46.92612972,-90.9448138,Aves,Bald eagle,Plasma,1,1,NA,2014,ND,ND,35,12,3.5,ND,0.84,ND,0.81,82,0.76,120,ND,2.8,22,55
#25 Dykstra et al (2021),GLKN2014B042,3500,0,Nestling,0.126027397,Lake Superior,APIS,Eagle Island,46.94356199,-91.03622363,Aves,Bald eagle,Plasma,1,1,NA,2014,ND,ND,17,5.8,2.9,ND,0.57,ND,0.51,44,0.44,72,ND,2.2,14,25
#25 Dykstra et al (2021),GLKN2014J011,4100,1,Nestling,0.153424658,Lake Superior,L-SACN,Kinni Delta,44.82947044,-92.76681755,Aves,Bald eagle,Plasma,1,1,NA,2014,ND,ND,22,6.1,150,ND,2.1,ND,0.96,5.6,ND,500,ND,2,2.6,7.8
#25 Dykstra et al (2021),GLKN2014B006,3300,0,Nestling,0.120547945,Lake Superior,L-SACN,Cedar Bend,45.28970099,-92.75974047,Aves,Bald eagle,Plasma,1,1,NA,2014,46,ND,9,3.1,36,0.14,0.71,ND,1.5,3.5,0.3,150,ND,0.87,1.3,5.4
#25 Dykstra et al (2021),GLKN2014B018,4300,0,Nestling,0.145205479,Lake Superior,L-SACN,Houlton North,45.07403464,-92.79004564,Aves,Bald eagle,Plasma,1,1,NA,2014,0.25,ND,18,3.8,170,ND,1.5,ND,1.3,5,0.14,390,ND,0.77,1.1,7.6
#25 Dykstra et al (2021),GLKN2014R003,4450,1,Nestling,0.150684932,Lake Superior,L-SACN,Scout Camp,45.09154366,-92.76675144,Aves,Bald eagle,Plasma,1,1,NA,2014,0.4,ND,9.8,2.7,76,ND,1.2,ND,0.89,3.4,0.12,300,ND,0.66,1.3,4.8
#25 Dykstra et al (2021),GLKN2014B016,4100,1,Nestling,0.131506849,Lake Superior,L-SACN,King Power Plant,45.03261274,-92.77737312,Aves,Bald eagle,Plasma,1,1,NA,2014,ND,ND,12,4.4,150,ND,0.94,ND,0.58,3.9,0.22,280,ND,1.5,1.1,5.9
#25 Dykstra et al (2021),GLKN2014B020,3100,0,Nestling,0.120547945,Lake Superior,L-SACN,Maine on St Croix,45.1979145,-92.76783875,Aves,Bald eagle,Plasma,1,1,NA,2014,0.73,ND,11,2.3,80,ND,0.75,ND,0.69,3.3,0.24,220,ND,0.87,0.79,5.9
#25 Dykstra et al (2021),GLKN2014R002,2850,0,Nestling,0.095890411,Lake Superior,L-SACN,High Bridge,46.38900174,-90.7384711,Aves,Bald eagle,Plasma,1,1,NA,2014,0.16,ND,11,2.7,81,ND,0.81,ND,0.64,2.5,ND,250,ND,1.1,1.3,5.1
#25 Dykstra et al (2021),GLKN2014B029,3500,0,Nestling,0.134246575,Lake Superior,MISS,Durnam Island,45.07773951,-93.28166247,Aves,Bald eagle,Plasma,1,1,NA,2014,ND,ND,14,5.5,17,ND,1.2,ND,2.6,6.3,0.14,190,ND,1.4,1.3,6.8
#25 Dykstra et al (2021),GLKN2014B027,3150,0,Nestling,0.139726027,Lake Superior,MISS,Banfill Island,45.11630974,-93.29324176,Aves,Bald eagle,Plasma,1,1,NA,2014,ND,ND,2.3,0.47,0.44,ND,0.18,ND,0.35,2.6,0.26,13,ND,0.29,0.73,2.8
#25 Dykstra et al (2021),GLKN2014B012,2850,0,Nestling,0.098630137,Lake Superior,MISS,Spring Lake Range Line,44.75794982,-92.98593379,Aves,Bald eagle,Plasma,1,1,NA,2014,0.14,ND,14,3.4,45,ND,4.8,ND,2.1,7.1,1.2,630,ND,1.1,0.84,4.6
#25 Dykstra et al (2021),GLKN2014J008,3300,0,Nestling,0.128767123,Lake Superior,MISS,Vermillion,44.67685468,-92.96859692,Aves,Bald eagle,Plasma,1,1,NA,2014,ND,ND,16,5.6,160,ND,1.9,ND,1.8,3.5,ND,360,ND,2.8,3.1,6.4
#25 Dykstra et al (2021),GLKN2014J007,3900,1,Nestling,0.189041096,Lake Superior,MISS,Vermillion / Mississippi,44.7439697,-92.82797782,Aves,Bald eagle,Plasma,1,1,NA,2014,0.38,ND,63,16,570,ND,8.8,ND,4.1,14,0.43,1200,ND,4,4.9,20
#25 Dykstra et al (2021),GLKN2014J001,2800,0,Nestling,0.087671233,Lake Superior,MISS,Macalester,44.93426996,-93.19891359,Aves,Bald eagle,Plasma,1,1,NA,2014,0.93,ND,21,5.4,89,ND,1.7,ND,1.1,4.2,ND,320,ND,1.4,1.5,8.3
#25 Dykstra et al (2021),GLKN2014B001,4050,1,Nestling,0.131506849,Lake Superior,MISS,Spring Lake,44.76506986,-92.97984559,Aves,Bald eagle,Plasma,1,1,NA,2014,0.6,ND,25,7.4,110,ND,0.77,ND,0.48,2,ND,390,ND,2.1,3,17
#25 Dykstra et al (2021),GLKN2014B022,4150,1,Nestling,0.126027397,Lake Superior,MISS,Lake Rebecca South,44.74470884,-92.86119134,Aves,Bald eagle,Plasma,1,1,NA,2014,0.13,ND,20,5.8,140,ND,2.7,ND,1.2,4.7,0.13,370,ND,1.9,1.6,6.2
#25 Dykstra et al (2021),GLKN2014J005,3400,1,Nestling,0.090410959,Lake Superior,MISS,West Spring Lake - South West,44.76690566,-93.00382222,Aves,Bald eagle,Plasma,1,1,NA,2014,0.12,ND,25,6,78,ND,2.3,ND,1.7,3.8,0.26,380,ND,1.7,1.8,8.3
#25 Dykstra et al (2021),GLKN2014J006,4700,1,Nestling,0.161643836,Lake Superior,MISS,S. Prescott,44.73486998,-92.77570788,Aves,Bald eagle,Plasma,1,1,NA,2014,0.32,ND,24,7.1,190,ND,2.7,ND,2.1,7.9,0.16,540,ND,2,2.6,11
#25 Dykstra et al (2021),GLKN2014J010,3100,0,Nestling,0.128767123,Lake Superior,MISS,Mud hen Lake Sloughs,44.70254266,-92.7430257,Aves,Bald eagle,Plasma,1,1,NA,2014,ND,0.49,17,5.8,130,ND,2.2,ND,2.4,3.2,0.24,460,ND,1.8,1.7,8.2
#25 Dykstra et al (2021),GLKN2014B002,3000,0,Nestling,0.098630137,Lake Superior,MISS,Pigs Eye Isle #1,44.91842409,-93.048401,Aves,Bald eagle,Plasma,1,1,NA,2014,0.28,ND,22,9,72,ND,7.2,ND,6,6.4,0.37,520,ND,3,2.4,12
#25 Dykstra et al (2021),GLKN2014B009,2950,1,Nestling,0.120547945,Lake Superior,MISS,Pigs Eye South,44.90676223,-93.0264331,Aves,Bald eagle,Plasma,1,1,NA,2014,0.63,ND,22,5.9,35,ND,3.2,ND,1.9,4.9,0.37,490,ND,1.1,0.97,8.7
#25 Dykstra et al (2021),GLKN2014B026,2800,0,Nestling,0.115068493,Lake Superior,MISS,"Kings Cove, Conley Lake, Denmark",44.75243836,-92.84138859,Aves,Bald eagle,Plasma,1,1,NA,2014,ND,ND,7.6,2.1,57,ND,0.81,ND,0.63,1.7,ND,180,ND,0.48,0.49,3.2
#25 Dykstra et al (2021),GLKN2014B010,3300,0,Nestling,0.123287671,Lake Superior,MISS,Wertheimer Island,44.89106855,-93.02179965,Aves,Bald eagle,Plasma,1,1,NA,2014,0.91,ND,21,6.4,91,ND,2.6,ND,2.5,5.6,0.33,430,ND,2.6,2.1,11
#25 Dykstra et al (2021),GLKN2014G001,3000,0,Nestling,0.093150685,Lake Superior,MISS,Newport / River Mile 832,44.87174353,-93.01190445,Aves,Bald eagle,Plasma,1,1,NA,2014,0.96,ND,17,4.5,52,ND,2.3,ND,2.4,4.3,0.34,330,ND,1.7,1.8,6.5
#25 Dykstra et al (2021),GLKN2014B023,3500,0,Nestling,0.123287671,Lake Superior,MISS,King's Cove,44.75398768,-92.85557458,Aves,Bald eagle,Plasma,1,1,NA,2014,0.52,ND,21,8.3,230,ND,2.7,ND,3.2,4.4,0.34,450,ND,1.8,2.5,6.3
#25 Dykstra et al (2021),GLKN2014G003,2700,0,Nestling,0.090410959,Lake Superior,MISS,Wertheimer Island North,44.89187928,-93.0226387,Aves,Bald eagle,Plasma,1,1,NA,2014,0.96,ND,16,4.2,57,ND,1.9,ND,1.8,3.7,0.27,320,ND,1.6,1.2,6.3
#25 Dykstra et al (2021),GLKN2014B014,2750,0,Nestling,0.095890411,Lake Superior,MISS,River Mile 820.5 Island,44.77106252,-92.9447871,Aves,Bald eagle,Plasma,1,1,NA,2014,ND,ND,22,4.6,47,ND,2.1,ND,1.1,3.7,0.12,330,ND,0.91,0.87,7.9
#25 Dykstra et al (2021),GLKN2014J003,2400,1,Nestling,0.073972603,Lake Superior,MISS,Baldwin Lake,44.78038635,-93.00479347,Aves,Bald eagle,Plasma,1,1,NA,2014,0.18,ND,20,4.4,63,ND,2.2,ND,1.3,3.5,0.14,340,ND,1.3,1.4,8
#25 Dykstra et al (2021),GLKN2014B013,3300,0,Nestling,0.120547945,Lake Superior,MISS,Southeast Grey Cloud Island,44.79175121,-92.98567892,Aves,Bald eagle,Plasma,1,1,NA,2014,0.26,ND,25,6.1,130,ND,2.6,ND,3.1,4.8,0.25,400,ND,2,2.1,8.8
#25 Dykstra et al (2021),GLKN2014J012,3500,0,Nestling,0.126027397,Lake Superior,U-SACN,Namekagon / St Croix Confluence,46.08780303,-92.17857005,Aves,Bald eagle,Plasma,1,1,NA,2014,ND,ND,4.6,1.2,0.97,ND,0.13,ND,0.2,1.9,ND,19,ND,0.76,1.2,5.1
#25 Dykstra et al (2021),GLKN2014J013,3400,1,Nestling,0.126027397,Lake Superior,U-SACN,Riverside,46.07798685,-92.24468798,Aves,Bald eagle,Plasma,1,1,NA,2014,ND,ND,1.7,0.29,0.53,ND,0.14,ND,0.31,2,ND,9.7,ND,0.44,0.35,2
#25 Dykstra et al (2021),GLKN2014B034,4400,1,Nestling,0.139726027,Lake Superior,U-SACN,Clam River,45.94740221,-92.54472516,Aves,Bald eagle,Plasma,1,1,NA,2014,ND,ND,2.6,0.56,0.64,ND,0.17,ND,0.34,2.8,ND,15,ND,0.3,0.53,2.6
#25 Dykstra et al (2021),GLKN2014B036,2000,0,Nestling,0.101369863,Lake Superior,U-SACN,Clemens,46.1168308,-92.12872299,Aves,Bald eagle,Plasma,1,1,NA,2014,ND,ND,1.6,0.33,0.26,ND,0.14,ND,0.28,1.5,ND,8.7,ND,0.3,0.5,2.3
#25 Dykstra et al (2021),GLKN2014R005,3400,1,Nestling,0.123287671,Lake Superior,U-SACN,Namekagon River North,46.09397912,-92.12108086,Aves,Bald eagle,Plasma,1,1,NA,2014,ND,ND,3.1,0.65,0.46,ND,0.12,ND,ND,3.5,0.15,14,ND,1.2,1.2,4
#25 Dykstra et al (2021),GLKN2014B031,4500,1,Nestling,0.150684932,Lake Superior,U-SACN,North Dry Creek,45.51852929,-92.72928466,Aves,Bald eagle,Plasma,1,1,NA,2014,ND,ND,1.9,0.21,1.1,ND,0.23,ND,0.35,2.1,ND,13,ND,0.48,0.28,1.7
#25 Dykstra et al (2021),GLKN2014B033,4500,1,Nestling,0.161643836,Lake Superior,U-SACN,Restoration Island,46.01364976,-92.35543144,Aves,Bald eagle,Plasma,1,1,NA,2014,ND,ND,4,0.6,1.8,ND,0.27,ND,0.64,3.2,0.14,29,ND,0.46,0.52,3.2
#25 Dykstra et al (2021),GLKN2014R004,4600,1,Nestling,0.131506849,Lake Superior,U-SACN,Phipps Flowage,46.06648057,-91.41684182,Aves,Bald eagle,Plasma,1,1,NA,2014,ND,ND,2,0.36,0.52,ND,0.14,ND,ND,3.6,0.14,15,ND,0.28,0.57,2.6
#25 Dykstra et al (2021),GLKN2014B035,4300,1,Nestling,0.147945205,Lake Superior,U-SACN,Howells Landing,46.02835949,-92.01115629,Aves,Bald eagle,Plasma,1,1,NA,2014,ND,ND,4.5,0.66,0.69,ND,0.15,ND,0.23,3.2,ND,17,ND,0.34,0.85,4.9
#25 Dykstra et al (2021),GLKN2014B037,2500,0,Nestling,0.117808219,Lake Superior,U-SACN,Tranus Creek,45.99128447,-91.65029211,Aves,Bald eagle,Plasma,1,1,NA,2014,ND,ND,1.4,0.58,1,ND,0.19,ND,0.32,1.3,ND,13,ND,0.26,0.43,1.9
#25 Dykstra et al (2021),GLKN2015B054,3250,1,Nestling,0.093150685,Lake Superior,APIS,Devils Island,47.07195693,-90.72623313,Aves,Bald eagle,Plasma,1,1,NA,2015,ND,NA,18,7.4,1.5,ND,0.92,ND,0.57,43,1.4,100,ND,1.5,15,29
#25 Dykstra et al (2021),GLKN2015B050,3400,1,Nestling,0.101369863,Lake Superior,APIS,Long Island - Center,46.72788042,-90.78698572,Aves,Bald eagle,Plasma,1,1,NA,2015,ND,NA,17,6.5,1.7,ND,0.64,ND,0.61,25,0.29,110,ND,1.2,12,31
#25 Dykstra et al (2021),GLKN2015B057,2100,0,Nestling,0.076712329,Lake Superior,APIS,Outer Island - South,47.00443765,-90.44082535,Aves,Bald eagle,Plasma,1,1,NA,2015,ND,NA,29,10,1.9,ND,1.5,ND,0.74,56,1.8,150,ND,1.9,18,43
#25 Dykstra et al (2021),GLKN2015B061,4000,1,Nestling,0.131506849,Lake Superior,APIS,Madeline Island - East,46.79927244,-90.66459598,Aves,Bald eagle,Plasma,1,1,NA,2015,ND,NA,29,11,1.6,ND,1.2,ND,0.79,56,0.73,130,ND,2.3,19,41
#25 Dykstra et al (2021),GLKN2015B066,5000,1,Nestling,0.164383562,Lake Superior,APIS,Meech (Madeline Island),46.7822545,-90.76922124,Aves,Bald eagle,Plasma,1,1,NA,2015,ND,NA,25,8.4,1.8,ND,1,ND,0.68,52,0.67,130,ND,2.2,16,33
#25 Dykstra et al (2021),GLKN2015B064,4750,1,Nestling,0.131506849,Lake Superior,APIS,Madeline Island North,46.87373223,-90.61793942,Aves,Bald eagle,Plasma,1,1,NA,2015,ND,NA,14,4.9,1.2,ND,0.64,ND,0.31,27,0.19,83,ND,1.3,9.7,21
#25 Dykstra et al (2021),GLKN2015B052,3300,0,Nestling,0.115068493,Lake Superior,APIS,Madeline Island NE,46.84797675,-90.57197417,Aves,Bald eagle,Plasma,1,1,NA,2015,ND,NA,19,6.4,1.4,ND,1.1,ND,0.7,44,1.7,110,ND,1.3,11,26
#25 Dykstra et al (2021),GLKN2015B060,4150,1,Nestling,0.093150685,Lake Superior,APIS,another Basswood,46.83408006,-90.75844051,Aves,Bald eagle,Plasma,1,1,NA,2015,ND,NA,17,6.5,1.5,ND,0.71,ND,0.34,33,0.21,100,ND,1.3,13,25
#25 Dykstra et al (2021),GLKN2015B062,4400,1,Nestling,0.123287671,Lake Superior,APIS,Madeline Island / Steamboat Point North Tip,46.87396125,-90.60750318,Aves,Bald eagle,Plasma,1,1,NA,2015,ND,NA,18,6.8,1.2,ND,0.77,ND,0.54,42,1.5,100,ND,1.4,13,27
#25 Dykstra et al (2021),GLKN2015B058,3000,1,Nestling,0.106849315,Lake Superior,APIS,East Cat Island,47.01734366,-90.5467243,Aves,Bald eagle,Plasma,1,1,NA,2015,ND,NA,27,10,2.6,ND,1.5,ND,1,53,1.2,140,ND,2.1,19,42
#25 Dykstra et al (2021),GLKN2015B031,3800,1,Nestling,0.123287671,Lake Superior,L-SACN,Franconia,45.37160445,-92.69220373,Aves,Bald eagle,Plasma,1,1,NA,2015,ND,NA,4.9,1.9,20,ND,0.31,ND,0.26,2.4,ND,110,ND,0.69,1.2,3.5
#25 Dykstra et al (2021),GLKN2015B026,3100,1,Nestling,0.104109589,Lake Superior,L-SACN,Lower Lake / Peaslee Lake / Rice Lake,45.35684888,-92.69502636,Aves,Bald eagle,Plasma,1,1,NA,2015,ND,NA,2.4,0.89,6.2,ND,ND,ND,0.12,1.1,ND,44,ND,0.3,0.63,2
#25 Dykstra et al (2021),GLKN2015B027,4500,1,Nestling,0.175342466,Lake Superior,L-SACN,Cedar Bend,45.28970099,-92.75974047,Aves,Bald eagle,Plasma,1,1,NA,2015,ND,NA,10,3.3,40,ND,0.96,ND,0.51,3.8,ND,250,ND,0.96,1.9,7.3
#25 Dykstra et al (2021),GLKN2015B019,3200,0,Nestling,0.109589041,Lake Superior,L-SACN,Lake St Croix YMCA camp South,44.93728665,-92.73723779,Aves,Bald eagle,Plasma,1,1,NA,2015,ND,NA,8.2,2.7,57,ND,0.72,ND,0.87,3.2,0.16,200,ND,1,1.7,5.6
#25 Dykstra et al (2021),GLKN2015B029,3250,1,Nestling,0.098630137,Lake Superior,L-SACN,Apple River Confluence,45.1487059,-92.73903703,Aves,Bald eagle,Plasma,1,1,NA,2015,ND,NA,12,3.9,67,ND,0.88,ND,0.22,3.5,ND,280,ND,1.2,1.9,7.1
#25 Dykstra et al (2021),GLKN2015B023,3800,1,Nestling,0.150684932,Lake Superior,L-SACN,Scout Camp,45.09154366,-92.76675144,Aves,Bald eagle,Plasma,1,1,NA,2015,ND,NA,7.8,2.5,40,ND,0.77,ND,0.41,3,ND,200,ND,0.84,1.3,5
#25 Dykstra et al (2021),GLKN2015B022,2700,0,Nestling,0.095890411,Lake Superior,L-SACN,Triangle Drive SW,45.06657988,-92.78538871,Aves,Bald eagle,Plasma,1,1,NA,2015,ND,NA,10,2.9,60,ND,0.42,ND,ND,1.3,ND,290,ND,0.93,1.3,6
#25 Dykstra et al (2021),GLKN2015B020,4300,1,Nestling,0.145205479,Lake Superior,L-SACN,King Power Plant,45.03261274,-92.77737312,Aves,Bald eagle,Plasma,1,1,NA,2015,ND,NA,17,4.8,200,ND,1.6,ND,0.25,4.3,ND,470,ND,1.8,2,8.2
#25 Dykstra et al (2021),GLKN2015B018,3900,0,Nestling,0.15890411,Lake Superior,L-SACN,Swede Hill,44.87476658,-92.76938157,Aves,Bald eagle,Plasma,1,1,NA,2015,ND,NA,16,5.8,110,ND,1.7,ND,0.41,3.8,ND,380,ND,1.7,2.6,10
#25 Dykstra et al (2021),GLKN2015M019,3900,0,Nestling,0.153424658,Lake Superior,MISS,Durnam Island,45.07773951,-93.28166247,Aves,Bald eagle,Plasma,1,1,NA,2015,ND,NA,12,3.8,4.6,ND,1.1,ND,1.4,5.7,0.12,150,ND,1.3,1.4,5.2
#25 Dykstra et al (2021),GLKN2015M018,2400,0,Nestling,0.109589041,Lake Superior,MISS,Banfill Island,45.11630974,-93.29324176,Aves,Bald eagle,Plasma,1,1,NA,2015,ND,NA,5.4,1.3,8.2,ND,0.42,ND,0.55,4.7,0.14,83,ND,0.37,0.67,2.7
#25 Dykstra et al (2021),GLKN2015M021,4200,1,Nestling,0.128767123,Lake Superior,MISS,Goodin Island,45.23918961,-93.50349813,Aves,Bald eagle,Plasma,1,1,NA,2015,ND,NA,5.9,0.98,1.3,ND,0.45,ND,0.83,6,0.22,67,ND,0.33,0.64,3.1
#25 Dykstra et al (2021),GLKN2015M010,3400,0,Nestling,0.147945205,Lake Superior,MISS,Spring Lake Range Line,44.75794982,-92.98593379,Aves,Bald eagle,Plasma,1,1,NA,2015,ND,NA,18,5,58,ND,2.3,ND,1.2,3.7,0.3,390,ND,1.3,2.5,7.7
#25 Dykstra et al (2021),GLKN2015B007,3600,1,Nestling,0.112328767,Lake Superior,MISS,Fort Snelling,44.89298737,-93.1787384,Aves,Bald eagle,Plasma,1,1,NA,2015,ND,NA,19,11,26,ND,1.3,ND,1.7,5.5,0.21,280,ND,3.5,3.8,6.4
#25 Dykstra et al (2021),GLKN2015B013,4400,1,Nestling,0.164383562,Lake Superior,MISS,Vermillion / Mississippi,44.7439697,-92.82797782,Aves,Bald eagle,Plasma,1,1,NA,2015,ND,NA,34,11,280,ND,7.5,ND,1.8,6,0.13,950,ND,2.4,3.2,11
#25 Dykstra et al (2021),GLKN2015M022,1800,0,Nestling,0.082191781,Lake Superior,MISS,Flint Hills,44.77764257,-93.02519689,Aves,Bald eagle,Plasma,1,1,NA,2015,ND,NA,5.3,1.8,17,ND,0.66,ND,1.5,0.82,ND,150,ND,0.54,0.67,2.5
#25 Dykstra et al (2021),GLKN2015B010,3100,1,Nestling,0.142465753,Lake Superior,MISS,Spring Lake,44.76506986,-92.97984559,Aves,Bald eagle,Plasma,1,1,NA,2015,ND,NA,18,5.2,64,ND,3.7,ND,1.6,3.6,0.17,520,ND,1.1,2.1,7.2
#25 Dykstra et al (2021),GLKN2015M024,4100,1,Nestling,0.139726027,Lake Superior,MISS,Lake Rebecca South,44.74470884,-92.86119134,Aves,Bald eagle,Plasma,1,1,NA,2015,0.22,NA,28,11,200,ND,5.7,ND,1,6.3,0.58,860,ND,3.3,4.4,14
#25 Dykstra et al (2021),GLKN2015B011,3000,0,Nestling,0.123287671,Lake Superior,MISS,West Spring Lake - South West,44.76690566,-93.00382222,Aves,Bald eagle,Plasma,1,1,NA,2015,ND,NA,18,6,39,ND,1.8,ND,1.1,3.4,0.23,380,ND,1.5,1.7,6.7
#25 Dykstra et al (2021),GLKN2015B015,3800,0,Nestling,0.15890411,Lake Superior,MISS,Prescott Island,44.7429687,-92.80307461,Aves,Bald eagle,Plasma,1,1,NA,2015,ND,NA,39,10,460,ND,11,ND,3.6,8.4,0.26,1700,ND,2.5,5.1,21
#25 Dykstra et al (2021),GLKN2015M026,2900,0,Nestling,0.104109589,Lake Superior,MISS,Mud hen Lake Sloughs,44.70254266,-92.7430257,Aves,Bald eagle,Plasma,1,1,NA,2015,0.42,NA,13,5.7,81,ND,2,ND,1.1,2.8,0.32,350,ND,1.9,2.3,6.4
#25 Dykstra et al (2021),GLKN2015M002,3590,1,Nestling,0.117808219,Lake Superior,MISS,Warner Road,44.94547268,-93.05754098,Aves,Bald eagle,Plasma,1,1,NA,2015,ND,NA,5.6,2.7,10,ND,2.4,ND,1.2,2.8,0.31,330,ND,0.54,1.3,3.4
#25 Dykstra et al (2021),GLKN2015M015,2800,0,Nestling,0.101369863,Lake Superior,MISS,Pigs Eye South,44.90676223,-93.0264331,Aves,Bald eagle,Plasma,1,1,NA,2015,ND,NA,14,4.9,40,ND,4.1,ND,2.2,2.8,1.2,510,ND,1.2,2,6.6
#25 Dykstra et al (2021),GLKN2015M014,4000,1,Nestling,0.134246575,Lake Superior,MISS,Pigs Eye Rookery,44.89644327,-93.02206968,Aves,Bald eagle,Plasma,1,1,NA,2015,ND,NA,14,4.6,48,ND,2.7,ND,1.4,2.9,0.16,440,ND,1.2,1.9,6.3
#25 Dykstra et al (2021),GLKN2015B004,3800,1,Nestling,0.134246575,Lake Superior,MISS,Randolph/Shepard,44.92504094,-93.11910113,Aves,Bald eagle,Plasma,1,1,NA,2015,ND,NA,17,5,47,ND,1.9,ND,0.92,3.6,ND,410,ND,1.6,2.3,5.8
#25 Dykstra et al (2021),GLKN2015B005,3000,0,Nestling,0.093150685,Lake Superior,MISS,Lilydale West,44.90665864,-93.1341749,Aves,Bald eagle,Plasma,1,1,NA,2015,ND,NA,17,6.2,45,ND,1.2,ND,0.55,5,0.23,340,ND,1.8,2.5,7.9
#25 Dykstra et al (2021),GLKN2015B001,2600,0,Nestling,0.084931507,Lake Superior,MISS,Pigs Eye South Central Lake,44.90599837,-93.03009454,Aves,Bald eagle,Plasma,1,1,NA,2015,ND,NA,11,3.3,33,ND,2.8,ND,1.8,1.5,1,420,ND,1.2,1.4,3.9
#25 Dykstra et al (2021),GLKN2015M012,3900,0,Nestling,0.136986301,Lake Superior,MISS,Wertheimer Island,44.89106855,-93.02179965,Aves,Bald eagle,Plasma,1,1,NA,2015,ND,NA,17,5.3,70,ND,3.4,ND,2.4,3.3,0.5,510,ND,1.3,2,6.5
#25 Dykstra et al (2021),GLKN2015M008,3450,0,Nestling,0.128767123,Lake Superior,MISS,Newport / River Mile 832,44.87174353,-93.01190445,Aves,Bald eagle,Plasma,1,1,NA,2015,ND,NA,14,4.8,42,ND,2.6,ND,1.2,2.7,0.21,480,ND,0.98,1.8,6.1
#25 Dykstra et al (2021),GLKN2015B016,3500,0,Nestling,0.161643836,Lake Superior,MISS,King's Cove,44.75398768,-92.85557458,Aves,Bald eagle,Plasma,1,1,NA,2015,ND,NA,37,12,280,ND,9.2,ND,6.9,5.4,0.28,1100,ND,3.2,3.9,13
#25 Dykstra et al (2021),GLKN2015M009,3000,0,Nestling,0.104109589,Lake Superior,MISS,Baldwin Lake,44.78038635,-93.00479347,Aves,Bald eagle,Plasma,1,1,NA,2015,ND,NA,9.1,3.4,23,ND,0.97,ND,0.5,1.6,0.17,210,ND,0.61,1.3,4.3
#25 Dykstra et al (2021),GLKN2015B009,4400,1,Nestling,0.131506849,Lake Superior,MISS,River Mile 820 Island,44.77844512,-92.93941951,Aves,Bald eagle,Plasma,1,1,NA,2015,ND,NA,20,8.7,86,ND,4.2,ND,2.7,5.1,0.22,710,ND,2.2,2.6,8.2
#25 Dykstra et al (2021),GLKN2015B044,3300,1,Nestling,0.090410959,Lake Superior,U-SACN,Big Island,46.08037023,-92.22256448,Aves,Bald eagle,Plasma,1,1,NA,2015,ND,NA,1.9,0.39,0.58,ND,ND,ND,ND,2.4,ND,13,ND,ND,0.45,2.3
#25 Dykstra et al (2021),GLKN2015B038,4300,1,Nestling,0.169863014,Lake Superior,U-SACN,Thayers Landing,46.01199202,-92.44319683,Aves,Bald eagle,Plasma,1,1,NA,2015,ND,NA,3.4,0.81,0.7,ND,0.24,ND,0.35,3.9,ND,46,ND,0.21,0.91,3.5
#25 Dykstra et al (2021),GLKN2015B040,3500,1,Nestling,0.112328767,Lake Superior,U-SACN,Kettle River Confluence,45.86064593,-92.73961769,Aves,Bald eagle,Plasma,1,1,NA,2015,ND,NA,4.9,0.8,0.87,ND,0.16,ND,0.21,8.3,0.19,31,ND,0.21,0.89,4.2
#25 Dykstra et al (2021),GLKN2015B037,3900,1,Nestling,0.112328767,Lake Superior,U-SACN,St. Croix Wild River State Park,45.52434106,-92.74705289,Aves,Bald eagle,Plasma,1,1,NA,2015,ND,NA,2.6,0.52,0.55,ND,ND,ND,ND,3.6,0.12,18,ND,0.16,0.66,2.7
#25 Dykstra et al (2021),GLKN2015B035,3700,0,Nestling,0.17260274,Lake Superior,U-SACN,North Dry Creek,45.51852929,-92.72928466,Aves,Bald eagle,Plasma,1,1,NA,2015,0.92,NA,1.2,0.3,0.42,ND,0.26,ND,0.66,1.7,ND,14,ND,ND,0.33,1.1
#25 Dykstra et al (2021),GLKN2015B033,3900,0,Nestling,0.161643836,Lake Superior,U-SACN,Restoration Island,46.01364976,-92.35543144,Aves,Bald eagle,Plasma,1,1,NA,2015,ND,NA,3.1,0.98,0.79,ND,ND,ND,0.19,1.4,ND,24,ND,0.21,0.7,3.5
#25 Dykstra et al (2021),GLKN2015B034,4900,1,Nestling,0.17260274,Lake Superior,U-SACN,Wild Mountain,45.48724063,-92.71433323,Aves,Bald eagle,Plasma,1,1,NA,2015,ND,NA,2,0.52,0.9,ND,ND,ND,0.24,1.3,ND,16,ND,0.22,0.57,1.9
#25 Dykstra et al (2021),GLKN2015B039,3300,0,Nestling,0.136986301,Lake Superior,U-SACN,Head of the Rapids,45.93907291,-92.61370774,Aves,Bald eagle,Plasma,1,1,NA,2015,ND,NA,2.1,0.39,0.41,ND,ND,ND,0.13,2.7,ND,14,ND,ND,0.38,2.1
#25 Dykstra et al (2021),GLKN2015B047,3600,1,Nestling,0.120547945,Lake Superior,U-SACN,Pacwawong Lake,46.15108372,-91.34475141,Aves,Bald eagle,Plasma,1,1,NA,2015,ND,NA,1.1,0.37,ND,ND,ND,ND,ND,1.1,ND,7.5,ND,ND,0.71,1.8
#25 Dykstra et al (2021),GLKN2015B046,2500,0,Nestling,0.106849315,Lake Superior,U-SACN,Stinnett,45.98489563,-91.59094151,Aves,Bald eagle,Plasma,1,1,NA,2015,ND,NA,2.3,0.63,0.67,ND,ND,ND,ND,4.7,0.13,18,ND,0.23,0.71,2.5
#25 Dykstra et al (2021),GLKN2015B042,3100,0,Nestling,0.117808219,Lake Superior,U-SACN,Howells Landing,46.02835949,-92.01115629,Aves,Bald eagle,Plasma,1,1,NA,2015,ND,NA,7.1,1.2,0.41,ND,ND,ND,ND,6.6,ND,24,ND,0.42,1.4,6.4
#25 Dykstra et al (2021),GLKN2015B045,3700,1,Nestling,0.131506849,Lake Superior,U-SACN,Trego Lake,45.91357865,-91.83963353,Aves,Bald eagle,Plasma,1,1,NA,2015,ND,NA,3.1,0.68,0.81,ND,ND,ND,0.14,3.5,ND,21,ND,0.19,0.64,3.2