Author (Citation),Sample ID,Total Length (cm),Waterbody,Region,Location,Latitude,Longitude,Class,Species,Tissue,N,n,Collection Date,Sampling Year,PFBS,PFBA,PFDA,PFDoA,PFHpA,PFHxS,PFHxA,PFNA,PFOSA,PFOS,PFOA,PFPeA,PFUnA
#34 GLHHFTS (2015),793374,45.75,Lake Erie,NY,GLNS15-1154,42.73212,-78.97097,Pisces,Smallmouth bass,Composite fillet,1,2,8/10/15,2015,0.36,<0.21,1.96,1.29,<0.13,<0.63,<0.13,<0.12,<0.13,19.2,<0.23,<0.24,4.42
#34 GLHHFTS (2015),793434,41.5,Lake Erie,NY,GLNS15-1155,42.53829,-79.27533,Pisces,Smallmouth bass,Composite fillet,1,2,8/28/15,2015,<0.36,<0.21,2.26,1.81,<0.13,<0.63,<0.13,<0.12,<0.13,18.6,0.23,<0.24,5.29
#34 GLHHFTS (2015),793314,45.6,Lake Erie,NY,GLNS15-1158,42.68146,-79.08613,Pisces,Walleye,Composite fillet,1,2,7/20/15,2015,<0.36,<0.21,1.24,0.36,<0.13,<0.63,<0.13,0.36,<0.13,18.7,<0.23,<0.24,1.02
#34 GLHHFTS (2015),806054,64.6,Lake Erie,NY,GLNS15-1166,42.50444,-79.38348,Pisces,Freshwater drum,Fillet,1,1,8/27/15,2015,<0.36,<0.21,0.59,0.22,<0.13,<0.63,<0.13,0.15,<0.13,6.14,<0.23,<0.24,0.59
#34 GLHHFTS (2015),806614,38.78,Lake Erie,NY,GLNS15-2139,42.63452,-79.11702,Pisces,Smallmouth bass,Composite fillet,1,5,9/1/15,2015,<0.36,<0.21,2.44,0.91,<0.13,<0.63,<0.13,<0.12,<0.13,31.1,<0.23,<0.24,2.47
#34 GLHHFTS (2015),806592,35.95,Lake Erie,NY,GLNS15-2141,42.54468,-79.32787,Pisces,White bass,Composite fillet,1,2,8/31/15,2015,<0.36,<0.21,2.72,0.64,<0.13,<0.63,<0.13,1.38,0.18,45.5,<0.23,<0.24,1.85
#34 GLHHFTS (2015),793394,32.65,Lake Erie,NY,GLNS15-2143,42.73754,-78.94866,Pisces,Smallmouth bass,Composite fillet,1,2,8/10/15,2015,<0.36,<0.21,1.44,0.82,<0.13,<0.63,<0.13,<0.12,<0.13,15.6,<0.23,<0.24,2.43
#34 GLHHFTS (2015),793414,38.2,Lake Erie,NY,GLNS15-2152,42.27493,-79.75375,Pisces,Smallmouth bass,Fillet,1,1,9/2/15,2015,<0.36,<0.21,2.17,1.15,<0.13,<0.63,<0.13,<0.12,0.19,30.2,<0.23,<0.24,2.45
#34 GLHHFTS (2015),776854,30.1,Lake Ontario,NY,GLNS15-1288,43.96827,-76.1154,Pisces,White perch,Composite fillet,1,5,8/6/15,2015,<0.36,<0.21,2.74,1.14,<0.13,<0.63,<0.13,0.39,0.16,56.5,<0.23,<0.24,3.36
#34 GLHHFTS (2015),776794,50.75,Lake Ontario,NY,GLNS15-1289,43.9136,-76.18341,Pisces,Walleye,Composite fillet,1,2,7/26/15,2015,<0.36,<0.21,1.29,0.48,<0.13,<0.63,<0.13,0.4,0.95,57.3,<0.23,<0.24,1.29
#34 GLHHFTS (2015),805514,52.43333333,Lake Ontario,NY,GLNS15-1290,43.3582,-78.70273,Pisces,Rainbow trout,Composite fillet,1,3,9/22/15,2015,<0.36,<0.21,0.44,0.11,<0.13,<0.63,<0.13,<0.12,<0.13,25.9,<0.23,<0.24,0.23
#34 GLHHFTS (2015),775714,70.875,Lake Ontario,NY,GLNS15-1291,43.33797,-77.67321,Pisces,Lake trout,Composite fillet,1,4,9/22/15,2015,<0.36,<0.21,0.71,0.27,<0.13,<0.63,<0.13,0.28,<0.13,33,<0.23,<0.24,0.64
#34 GLHHFTS (2015),776754,62.2,Lake Ontario,NY,GLNS15-1292,43.50622,-76.48772,Pisces,Coho salmon,Composite fillet,1,2,9/24/15,2015,<0.36,<0.21,<0.16,<0.09,<0.13,<0.63,<0.13,0.22,<0.13,19.7,<0.23,<0.24,<0.17
#34 GLHHFTS (2015),777794,48.9,Lake Ontario,NY,GLNS15-1293,43.91219,-76.28412,Pisces,Smallmouth bass,Composite fillet,1,2,8/7/15,2015,<0.36,<0.21,2.42,1.69,<0.13,<0.63,<0.13,<0.12,0.59,53.3,<0.23,<0.24,5.7
#34 GLHHFTS (2015),775494,54.4,Lake Ontario,NY,GLNS15-1294,43.31197,-78.889,Pisces,Chinook salmon,Fillet,1,1,9/17/15,2015,<0.36,<0.21,0.53,0.11,<0.13,<0.63,<0.13,0.23,<0.13,35.7,<0.23,<0.24,0.32
#34 GLHHFTS (2015),780834,62.7,Lake Ontario,NY,GLNS15-1295,43.2548,-77.48873,Pisces,Lake trout,Fillet,1,1,6/26/15,2015,<0.36,<0.21,1.04,0.32,<0.13,<0.63,<0.13,0.21,0.17,25.8,<0.23,<0.24,1.32
#34 GLHHFTS (2015),777854,58.75,Lake Ontario,NY,GLNS15-1296,43.58759,-76.25065,Pisces,Coho salmon,Composite fillet,1,2,9/25/15,2015,<0.36,<0.21,<0.16,<0.09,<0.13,<0.63,<0.13,<0.12,<0.13,13.9,<0.23,<0.24,<0.17
#34 GLHHFTS (2015),805674,57.55,Lake Ontario,NY,GLNS15-1297,44.07588,-76.377,Pisces,Channel catfish,Composite fillet,1,2,8/7/15,2015,<0.36,<0.21,1.35,0.87,<0.13,<0.63,<0.13,<0.12,<0.13,9.43,<0.23,<0.24,2.16
#34 GLHHFTS (2015),793014,73.86666667,Lake Ontario,NY,GLNS15-1298,43.38127,-78.08532,Pisces,Rainbow trout,Composite fillet,1,3,9/24/15,2015,<0.36,<0.21,0.38,0.12,<0.13,<0.63,<0.13,0.23,0.24,22.5,<0.23,<0.24,0.22
#34 GLHHFTS (2015),777814,67.6,Lake Ontario,NY,GLNS15-1299,43.43145,-76.62718,Pisces,Lake trout,Fillet,1,1,9/19/15,2015,<0.36,<0.21,<0.16,<0.09,<0.13,<0.63,<0.13,<0.12,0.19,22.5,<0.23,<0.24,0.21
#34 GLHHFTS (2015),776574,77.1,Lake Ontario,NY,GLNS15-1300,43.80338,-76.25182,Pisces,Lake trout,Fillet,1,1,9/9/15,2015,<0.36,<0.21,<0.16,<0.09,<0.13,<0.63,<0.13,<0.12,<0.13,8.88,<0.23,<0.24,<0.17
#34 GLHHFTS (2015),795774,45.65,Lake Ontario,NY,GLNS15-1301,44.00532,-76.18596,Pisces,Smallmouth bass,Composite fillet,1,2,8/4/15,2015,<0.36,<0.21,1.35,1.2,<0.13,<0.63,<0.13,<0.12,0.15,30.5,<0.23,<0.24,3.68
#34 GLHHFTS (2015),780894,70.25,Lake Ontario,NY,GLNS15-1302,43.36138,-77.93097,Pisces,Rainbow trout,Composite fillet,1,2,9/24/15,2015,<0.36,<0.21,<0.16,<0.09,<0.13,<0.63,<0.13,<0.12,<0.13,3.55,<0.23,<0.24,<0.17
#34 GLHHFTS (2015),780874,54.55,Lake Ontario,NY,GLNS15-1303,43.31913,-76.87901,Pisces,Rainbow trout,Composite fillet,1,2,10/17/15,2015,<0.36,<0.21,0.42,<0.09,<0.13,<0.63,<0.13,0.19,<0.13,25.5,<0.23,<0.24,0.24
#34 GLHHFTS (2015),776834,64.5,Lake Ontario,NY,GLNS15-2185,43.34855,-78.79364,Pisces,Chinook salmon,Fillet,1,1,9/17/15,2015,<0.36,<0.21,0.19,<0.09,<0.13,<0.63,<0.13,0.12,<0.13,15.5,<0.23,<0.24,<0.17
#34 GLHHFTS (2015),780974,62.2,Lake Ontario,NY,GLNS15-2186,43.30371,-77.03286,Pisces,Lake trout,Fillet,1,1,9/18/15,2015,<0.36,<0.21,0.23,<0.09,<0.13,<0.63,<0.13,0.12,<0.13,23.4,<0.23,<0.24,<0.17
#34 GLHHFTS (2015),775574,80.7,Lake Ontario,NY,GLNS15-2187,43.28458,-77.59522,Pisces,Lake trout,Fillet,1,1,9/16/15,2015,<0.36,<0.21,0.33,<0.09,<0.13,<0.63,<0.13,0.19,<0.13,11.2,<0.23,<0.24,0.22
#34 GLHHFTS (2015),805634,61.9,Lake Ontario,NY,GLNS15-2188,44.07005,-76.3923,Pisces,Walleye,Composite fillet,1,2,8/5/15,2015,<0.36,<0.21,0.74,0.16,<0.13,<0.63,<0.13,0.26,0.75,34.7,<0.23,<0.24,0.78
#34 GLHHFTS (2015),775674,55.73333333,Lake Ontario,NY,GLNS15-2189,43.3668,-78.59714,Pisces,Rainbow trout,Composite fillet,1,3,9/22/15,2015,<0.36,<0.21,0.41,<0.09,<0.13,<0.63,<0.13,0.16,<0.13,21.7,<0.23,<0.24,0.24
#34 GLHHFTS (2015),780954,74.5,Lake Ontario,NY,GLNS15-2190,43.32406,-76.80657,Pisces,Lake trout,Fillet,1,1,9/24/15,2015,<0.36,<0.21,0.25,<0.09,<0.13,<0.63,<0.13,0.15,<0.13,6.1,<0.23,<0.24,<0.17
#34 GLHHFTS (2015),775594,53.8,Lake Ontario,NY,GLNS15-2191,43.31264,-77.66985,Pisces,Brown trout,Composite fillet,1,5,9/23/15,2015,<0.36,<0.21,1.2,0.68,<0.13,<0.63,<0.13,0.38,<0.13,46.2,<0.23,<0.24,1.55
#34 GLHHFTS (2015),780994,30.72,Lake Ontario,NY,GLNS15-2192,44.04449,-76.23753,Pisces,Smallmouth bass,Composite fillet,1,5,8/5/15,2015,<0.36,<0.21,1.54,0.57,<0.13,<0.63,<0.13,<0.12,<0.13,20.9,<0.23,<0.24,2.12
#34 GLHHFTS (2015),775454,77,Lake Ontario,NY,GLNS15-2193,43.37343,-78.00236,Pisces,Brown trout,Fillet,1,1,9/2/15,2015,<0.36,<0.21,0.58,0.3,<0.13,<0.63,<0.13,<0.12,<0.13,16.6,<0.23,<0.24,0.8
#34 GLHHFTS (2015),777874,78.05,Lake Ontario,NY,GLNS15-2194,43.54976,-76.331,Pisces,Chinook salmon,Composite fillet,1,2,9/24/15,2015,<0.36,<0.21,0.39,<0.09,<0.13,<0.63,<0.13,0.16,<0.13,27.7,<0.23,<0.24,0.21
#34 GLHHFTS (2015),780794,48.1,Lake Ontario,NY,GLNS15-2195,43.3015,-77.36346,Pisces,Smallmouth bass,Fillet,1,1,6/24/15,2015,<0.36,<0.21,1.61,0.72,<0.13,<0.63,<0.13,0.15,0.84,35.2,<0.23,<0.24,1.81
#34 GLHHFTS (2015),795734,47.2,Lake Ontario,NY,GLNS15-2196,43.98062,-76.22676,Pisces,Smallmouth bass,Composite fillet,1,2,8/6/15,2015,<0.36,<0.21,1.7,1.45,<0.13,<0.63,<0.13,<0.12,0.74,45.3,<0.23,<0.24,3.42
#34 GLHHFTS (2015),805594,66.93333333,Lake Ontario,NY,GLNS15-2197,43.39043,-78.31651,Pisces,Rainbow trout,Composite fillet,1,3,9/23/15,2015,<0.36,<0.21,0.48,<0.09,<0.13,<0.63,<0.13,0.26,0.19,23.6,<0.23,<0.24,0.3
#34 GLHHFTS (2015),776734,44.25,Lake Ontario,NY,GLNS15-2198,43.45515,-76.5947,Pisces,Smallmouth bass,Composite fillet,1,2,7/23/15,2015,<0.36,<0.21,1.77,0.48,<0.13,<0.63,<0.13,0.3,0.79,53.4,<0.23,<0.24,1.61
#34 GLHHFTS (2015),776354,74.5,Lake Ontario,NY,GLNS15-2199,43.76225,-76.21927,Pisces,Lake trout,Fillet,1,1,9/18/15,2015,<0.36,<0.21,0.39,0.24,<0.13,<0.63,<0.13,0.24,<0.13,38.8,<0.23,<0.24,0.33
#34 GLHHFTS (2015),795714,72,Lake Ontario,NY,GLNS15-2200,43.95943,-76.18538,Pisces,Northern pike,Fillet,1,1,10/14/15,2015,<0.36,<0.21,0.99,0.37,<0.13,<0.63,<0.13,0.31,0.82,22,<0.23,<0.24,1.01
#34 GLHHFTS (2015),776614,82,Lake Ontario,NY,GLNS15-2201,43.3758,-76.73319,Pisces,Chinook salmon,Fillet,1,1,10/16/15,2015,<0.36,<0.21,0.47,0.16,<0.13,<0.63,<0.13,<0.12,<0.13,36.5,<0.23,<0.24,0.43
#34 GLHHFTS (2015),777114,37.06666667,Lake Erie,PA,GLNS15-1162,42.21606,-79.90829,Pisces,Freshwater drum,Composite fillet,1,3,9/9/15,2015,<0.36,<0.21,2.45,0.9,<0.13,<0.63,<0.13,0.35,0.21,20.3,<0.23,<0.24,3.03
#34 GLHHFTS (2015),777094,34.25,Lake Erie,PA,GLNS15-2148,42.21477,-79.98688,Pisces,Freshwater drum,Composite fillet,1,2,7/8/15,2015,<0.36,<0.21,2.9,1.35,<0.13,<0.63,<0.13,0.42,<0.13,46.7,<0.23,<0.24,3.65
#34 GLHHFTS (2015),778474,21.96,Lake Michigan,IN,GLNS15-2051,41.69124,-87.47798,Pisces,Yellow perch,Composite fillet,1,5,8/5/15,2015,<0.36,<0.21,0.83,0.56,<0.13,<0.63,<0.13,<0.12,<0.13,12.5,<0.23,<0.24,1.04
#34 GLHHFTS (2015),776254,25.66,Lake Erie,MI,GLNS15-1156,41.85549,-83.37181,Pisces,White perch,Composite fillet,1,5,6/7/15,2015,<0.36,<0.21,5.07,1.06,<0.13,<0.63,<0.13,0.17,<0.13,64.4,0.27,<0.24,3.99
#34 GLHHFTS (2015),795874,36.3875,Lake Erie,MI,GLNS15-1164,41.97839,-83.22607,Pisces,White bass,Composite fillet,1,4,8/10/15,2015,<0.36,<0.21,4.15,1.68,<0.13,<0.63,<0.13,1.81,0.67,50.9,<0.23,1.13,3.8
#34 GLHHFTS (2015),795654,51,Lake Erie,MI,GLNS15-2145,41.88473,-83.30825,Pisces,Walleye,Composite fillet,1,2,8/9/15,2015,<0.36,<0.21,1.1,0.97,<0.13,<0.63,<0.13,0.29,0.27,21.5,<0.23,<0.24,1.12
#34 GLHHFTS (2015),776434,44.5,Lake Erie,MI,GLNS15-2153,41.75559,-83.43778,Pisces,Channel catfish,Composite fillet,1,5,6/9/15,2015,<0.36,<0.21,0.86,0.59,<0.13,<0.63,<0.13,0.21,<0.13,4.94,<0.23,<0.24,0.77
#34 GLHHFTS (2015),795814,36.4,Lake Huron,MI,GLNS15-1197,43.66117,-83.81375,Pisces,White perch,Composite fillet,1,2,9/4/15,2015,<0.36,<0.21,3.18,0.8,<0.13,<0.63,<0.13,0.62,<0.13,41.4,<0.23,<0.24,3.97
#34 GLHHFTS (2015),807254,66.9,Lake Huron,MI,GLNS15-1199,45.75036,-84.56395,Pisces,Lake trout,Composite fillet,1,2,9/18/15,2015,<0.36,<0.21,0.57,0.35,<0.13,<0.63,<0.13,0.43,<0.13,6.27,<0.23,0.36,0.87
#34 GLHHFTS (2015),807234,73.5,Lake Huron,MI,GLNS15-1200,44.83935,-83.2425,Pisces,Lake trout,Fillet,1,1,9/8/15,2015,<0.36,<0.21,0.33,0.12,<0.13,<0.63,<0.13,0.31,<0.13,3.17,<0.23,<0.24,0.83
#34 GLHHFTS (2015),795834,34.73333333,Lake Huron,MI,GLNS15-1201,43.69188,-83.60716,Pisces,Freshwater drum,Composite fillet,1,3,8/6/15,2015,<0.36,<0.21,2.14,0.64,<0.13,<0.63,<0.13,0.86,<0.13,25.2,<0.23,<0.24,2.18
#34 GLHHFTS (2015),807954,51.93333333,Lake Huron,MI,GLNS15-1202,45.96307,-84.7143,Pisces,Lake trout,Composite fillet,1,3,9/17/15,2015,<0.36,<0.21,6.49,1.85,<0.13,<0.63,<0.13,9.32,<0.13,33.8,1.93,<0.24,14.1
#34 GLHHFTS (2015),794414,55.55,Lake Huron,MI,GLNS15-1203,45.3781,-83.64797,Pisces,Walleye,Composite fillet,1,2,7/14/15,2015,<0.36,<0.21,0.68,0.47,<0.13,<0.63,<0.13,<0.12,0.53,4.71,<0.23,<0.24,1.67
#34 GLHHFTS (2015),780134,50.4,Lake Huron,MI,GLNS15-1205,45.93965,-84.66939,Pisces,Lake trout,Fillet,1,1,7/11/15,2015,<0.36,<0.21,1.28,0.54,<0.13,<0.63,<0.13,0.56,<0.13,8.77,0.24,<0.24,2.67
#34 GLHHFTS (2015),814374,71,Lake Huron,MI,GLNS15-1206,45.0066,-83.35906,Pisces,Rainbow trout,Fillet,1,1,9/25/15,2015,<0.36,<0.21,0.49,0.16,<0.13,<0.63,<0.13,0.34,<0.13,5.85,<0.23,<0.24,0.59
#34 GLHHFTS (2015),776334,31.82,Lake Huron,MI,GLNS15-1207,43.87991,-83.43664,Pisces,Freshwater drum,Composite fillet,1,5,8/12/15,2015,<0.36,<0.21,1.62,0.49,<0.13,<0.63,<0.13,0.87,0.16,17.5,<0.23,<0.24,2.35
#34 GLHHFTS (2015),806814,50,Lake Huron,MI,GLNS15-1208,44.0135,-82.76739,Pisces,Walleye,Fillet,1,1,9/25/15,2015,<0.36,<0.21,1.8,1.22,<0.13,<0.63,<0.13,0.29,0.35,17.5,<0.23,<0.24,4.12
#34 GLHHFTS (2015),807774,54.85,Lake Huron,MI,GLNS15-1209,45.96071,-84.41915,Pisces,Lake trout,Composite fillet,1,2,9/17/15,2015,<0.36,<0.21,0.7,0.49,<0.13,<0.63,<0.13,0.73,<0.13,9.74,<0.23,<0.24,1.45
#34 GLHHFTS (2015),814314,44.95,Lake Huron,MI,GLNS15-1210,45.18651,-83.33389,Pisces,Lake whitefish,Composite fillet,1,2,9/21/15,2015,<0.36,<0.21,0.39,0.14,<0.13,<0.63,<0.13,0.32,<0.13,3.3,<0.23,<0.24,0.42
#34 GLHHFTS (2015),795494,41.98,Lake Huron,MI,GLNS15-1211,44.26273,-83.47572,Pisces,Freshwater drum,Composite fillet,1,5,7/18/15,2015,<0.36,<0.21,1.91,0.49,<0.13,<0.63,<0.13,1.91,<0.13,30.5,<0.23,<0.24,2.67
#34 GLHHFTS (2015),793894,53.56,Lake Huron,MI,GLNS15-1212,45.36534,-83.55898,Pisces,Lake trout,Composite fillet,1,5,10/10/15,2015,<0.36,<0.21,1.85,0.55,<0.13,<0.63,<0.13,2.04,<0.13,16.2,0.27,<0.24,3.28
#34 GLHHFTS (2015),807354,44.6,Lake Huron,MI,GLNS15-2093,44.72846,-83.23523,Pisces,Longnose sucker,Composite fillet,1,2,9/20/15,2015,<0.36,<0.21,1.95,0.7,<0.13,<0.63,<0.13,2.22,<0.13,17.5,0.69,<0.24,3.11
#34 GLHHFTS (2015),776394,57.1,Lake Huron,MI,GLNS15-2094,45.94648,-83.9938,Pisces,Lake trout,Composite fillet,1,3,9/18/15,2015,<0.36,<0.21,0.56,0.19,<0.13,<0.63,<0.13,0.82,<0.13,7.14,0.24,<0.24,0.92
#34 GLHHFTS (2015),807314,48.45,Lake Huron,MI,GLNS15-2095,44.37575,-83.32763,Pisces,Walleye,Composite fillet,1,4,9/17/15,2015,<0.36,<0.21,1.06,0.25,<0.13,<0.63,<0.13,0.51,<0.13,19.9,<0.23,<0.24,1.68
#34 GLHHFTS (2015),814054,70,Lake Huron,MI,GLNS15-2096,44.09049,-82.99978,Pisces,Rainbow trout,Fillet,1,1,9/25/15,2015,<0.36,<0.21,0.44,0.1,<0.13,<0.63,<0.13,0.18,<0.13,5.46,<0.23,<0.24,0.68
#34 GLHHFTS (2015),807334,42.6,Lake Huron,MI,GLNS15-2097,44.4839,-83.31301,Pisces,White sucker,Fillet,1,1,9/18/15,2015,<0.36,<0.21,0.3,0.19,<0.13,<0.63,<0.13,0.55,<0.13,4.39,<0.23,<0.24,0.56
#34 GLHHFTS (2015),794434,49.2,Lake Huron,MI,GLNS15-2098,45.93351,-84.44576,Pisces,Lake whitefish,Composite fillet,1,3,7/12/15,2015,<0.36,<0.21,1.01,0.11,<0.13,0.96,<0.13,4.88,0.53,11.1,0.25,<0.24,0.94
#34 GLHHFTS (2015),814034,54.33333333,Lake Huron,MI,GLNS15-2099,44.18984,-83.50796,Pisces,White sucker,Composite fillet,1,3,9/11/15,2015,<0.36,<0.21,0.77,0.22,<0.13,<0.63,<0.13,0.87,<0.13,13.1,<0.23,<0.24,1.12
#34 GLHHFTS (2015),806914,28.25,Lake Huron,MI,GLNS15-2100,44.01537,-83.22929,Pisces,Yellow perch,Composite fillet,1,4,9/1/15,2015,<0.36,<0.21,1.34,0.74,<0.13,<0.63,<0.13,0.5,<0.13,12.3,0.23,<0.24,2.71
#34 GLHHFTS (2015),795394,53.78,Lake Huron,MI,GLNS15-2101,45.03396,-83.43878,Pisces,Walleye,Composite fillet,1,5,7/16/15,2015,<0.36,<0.21,1.07,0.72,<0.13,<0.63,<0.13,0.23,0.58,9.6,<0.23,<0.24,2.53
#34 GLHHFTS (2015),814254,30.26,Lake Huron,MI,GLNS15-2102,45.54509,-84.1136,Pisces,Yellow perch,Composite fillet,1,5,9/16/15,2015,<0.36,<0.21,1.64,0.97,<0.13,<0.63,<0.13,0.39,0.2,9.96,<0.23,<0.24,3.18
#34 GLHHFTS (2015),795554,42.4,Lake Huron,MI,GLNS15-2103,43.69398,-83.59829,Pisces,Freshwater drum,Fillet,1,1,9/1/15,2015,<0.36,<0.21,4.3,0.93,<0.13,<0.63,<0.13,0.47,<0.13,48.8,<0.23,<0.24,5.38
#34 GLHHFTS (2015),807594,75,Lake Huron,MI,GLNS15-2104,43.66158,-82.56606,Pisces,Lake trout,Fillet,1,1,9/29/15,2015,<0.36,<0.21,0.58,0.14,<0.13,<0.63,<0.13,0.45,<0.13,6.45,<0.23,<0.24,0.48
#34 GLHHFTS (2015),795574,28.75,Lake Huron,MI,GLNS15-2106,43.66958,-83.64148,Pisces,Yellow perch,Composite fillet,1,4,9/3/15,2015,<0.36,<0.21,1.19,0.3,<0.13,<0.63,<0.13,0.38,<0.13,17.3,<0.23,<0.24,1.5
#34 GLHHFTS (2015),806894,69.25,Lake Huron,MI,GLNS15-2107,44.0506,-83.56432,Pisces,Channel catfish,Composite fillet,1,2,9/10/15,2015,<0.36,<0.21,0.62,0.27,<0.13,<0.63,<0.13,0.21,0.15,3.43,<0.23,<0.24,1.26
#34 GLHHFTS (2015),807694,53.5,Lake Huron,MI,GLNS15-2108,43.5077,-82.50603,Pisces,Rainbow trout,Composite fillet,1,2,9/29/15,2015,<0.36,<0.21,0.6,0.41,<0.13,<0.63,<0.13,0.41,<0.13,12.4,<0.23,<0.24,1.22
#34 GLHHFTS (2015),814274,40.14,Lake Huron,MI,GLNS15-2117,45.46023,-83.85656,Pisces,Longnose sucker,Composite fillet,1,5,9/23/15,2015,<0.36,<0.21,0.85,0.63,<0.13,<0.63,<0.13,1.04,0.17,5.15,0.3,<0.24,1.57
#34 GLHHFTS (2015),794614,47.65,Lake Michigan,MI,GLNS15-1245,45.76909,-86.74218,Pisces,White sucker,Composite fillet,1,2,8/6/15,2015,<0.36,<0.21,0.72,0.28,<0.13,<0.63,<0.13,0.87,0.27,10.4,0.3,<0.24,0.97
#34 GLHHFTS (2015),795174,56.34,Lake Michigan,MI,GLNS15-1246,43.37539,-86.46277,Pisces,Coho salmon,Composite fillet,1,5,5/19/16,2015,<0.36,<0.21,<0.16,<0.09,<0.13,<0.63,<0.13,0.26,0.32,3.51,<0.23,<0.24,<0.17
#34 GLHHFTS (2015),777014,44.65,Lake Michigan,MI,GLNS15-1247,45.00071,-85.47705,Pisces,White sucker,Composite fillet,1,2,7/9/15,2015,<0.36,<0.21,0.7,0.3,<0.13,<0.63,<0.13,0.31,<0.13,6.16,<0.23,<0.24,1.01
#34 GLHHFTS (2015),776954,47.75,Lake Michigan,MI,GLNS15-1248,44.94403,-85.84071,Pisces,White sucker,Composite fillet,1,4,7/21/15,2015,<0.36,<0.21,1.14,0.41,<0.13,<0.63,<0.13,0.23,<0.13,6.54,<0.23,<0.24,1.35
#34 GLHHFTS (2015),776914,60.68,Lake Michigan,MI,GLNS15-1249,44.39603,-86.30882,Pisces,Lake trout,Composite fillet,1,5,5/18/16,2015,<0.36,<0.21,0.2,0.16,<0.13,<0.63,<0.13,0.32,<0.13,12.9,<0.23,<0.24,0.48
#34 GLHHFTS (2015),794774,62.5,Lake Michigan,MI,GLNS15-1250,45.88809,-86.25744,Pisces,Chinook salmon,Fillet,1,1,9/23/15,2015,<0.36,<0.21,<0.16,<0.09,<0.13,<0.63,<0.13,<0.12,<0.13,3.76,<0.23,<0.24,<0.17
#34 GLHHFTS (2015),795214,24.2,Lake Michigan,MI,GLNS15-1252,43.9189,-86.45744,Pisces,Yellow perch,Composite fillet,1,5,8/27/15,2015,<0.36,<0.21,0.77,0.47,<0.13,<0.63,<0.13,0.15,<0.13,12.7,<0.23,<0.24,1.11
#34 GLHHFTS (2015),795114,39,Lake Michigan,MI,GLNS15-1253,42.94419,-86.24677,Pisces,Freshwater drum,Fillet,1,1,8/18/15,2015,<0.36,<0.21,0.94,0.91,<0.13,<0.63,<0.13,0.54,0.15,21,0.51,<0.24,2.53
#34 GLHHFTS (2015),807914,37.7,Lake Michigan,MI,GLNS15-1254,45.7975,-84.79227,Pisces,Longnose sucker,Fillet,1,1,8/28/15,2015,<0.36,<0.21,0.59,0.37,<0.13,<0.63,<0.13,0.93,0.22,7.07,0.49,<0.24,1.07
#34 GLHHFTS (2015),795134,21.125,Lake Michigan,MI,GLNS15-1255,43.1024,-86.27177,Pisces,Yellow perch,Composite fillet,1,4,9/2/15,2015,<0.36,<0.21,0.22,0.26,<0.13,<0.63,<0.13,<0.12,<0.13,7.58,<0.23,<0.24,0.41
#34 GLHHFTS (2015),776234,20.8,Lake Michigan,MI,GLNS15-2047,42.03415,-86.57656,Pisces,Yellow perch,Composite fillet,1,4,6/9/15,2015,<0.36,<0.21,0.34,0.29,<0.13,<0.63,<0.13,<0.12,0.14,12.7,<0.23,<0.24,0.9
#34 GLHHFTS (2015),795234,63.12,Lake Michigan,MI,GLNS15-2050,43.99317,-86.54478,Pisces,Lake trout,Composite fillet,1,5,5/19/16,2015,<0.36,<0.21,0.18,<0.09,<0.13,<0.63,<0.13,<0.12,0.25,9.96,<0.23,<0.24,0.19
#34 GLHHFTS (2015),794494,64.2,Lake Michigan,MI,GLNS15-2052,45.48639,-87.23727,Pisces,Walleye,Fillet,1,1,9/24/15,2015,<0.36,<0.21,0.66,0.39,<0.13,<0.63,<0.13,0.36,2.87,18,<0.23,<0.24,1.13
#34 GLHHFTS (2015),780174,46.25,Lake Michigan,MI,GLNS15-2053,45.81988,-86.71585,Pisces,Walleye,Composite fillet,1,2,7/23/15,2015,<0.36,<0.21,0.51,0.28,<0.13,<0.63,<0.13,0.24,0.6,18.3,<0.23,<0.24,0.77
#34 GLHHFTS (2015),776874,65.44,Lake Michigan,MI,GLNS15-2054,44.28002,-86.32645,Pisces,Lake trout,Composite fillet,1,5,5/18/16,2015,<0.36,<0.21,<0.16,<0.09,<0.13,<0.63,<0.13,<0.12,0.13,7.95,<0.23,<0.24,<0.17
#34 GLHHFTS (2015),807874,35.76,Lake Michigan,MI,GLNS15-2055,45.98583,-85.64288,Pisces,White sucker,Composite fillet,1,5,8/26/15,2015,<0.36,<0.21,0.97,0.34,<0.13,<0.63,<0.13,0.9,0.28,9.41,0.45,<0.24,0.94
#34 GLHHFTS (2015),776934,47.75,Lake Michigan,MI,GLNS15-2056,44.73926,-86.17728,Pisces,Longnose sucker,Composite fillet,1,2,7/23/15,2015,<0.36,<0.21,3.14,1.78,<0.13,<0.63,<0.13,2.37,0.35,30.2,0.65,<0.24,5.39
#34 GLHHFTS (2015),814554,62.66,Lake Michigan,MI,GLNS15-2057,45.5693,-85.18341,Pisces,Lake trout,Composite fillet,1,5,5/17/16,2015,<0.36,<0.21,0.38,0.14,<0.13,<0.63,<0.13,0.29,<0.13,9.91,<0.23,<0.24,0.42
#34 GLHHFTS (2015),795674,24.62,Lake Michigan,MI,GLNS15-2061,42.73235,-86.24231,Pisces,Yellow perch,Composite fillet,1,5,9/3/15,2015,<0.36,<0.21,0.89,0.65,<0.13,<0.63,<0.13,0.29,<0.13,22.9,<0.23,<0.24,1.18
#34 GLHHFTS (2015),795294,42.925,Lake Superior,MI,GLNS15-1335,47.38864,-87.92476,Pisces,Lake trout,Composite fillet,1,4,7/26/15,2015,<0.36,<0.21,3.14,1.15,<0.13,<0.63,<0.13,5.34,<0.13,12.9,<0.23,<0.24,6.6
#34 GLHHFTS (2015),807434,31.7,Lake Superior,MI,GLNS15-1336,46.53291,-87.38957,Pisces,Lake whitefish,Composite fillet,1,5,8/11/15,2015,<0.36,<0.21,<0.16,<0.09,<0.13,<0.63,<0.13,<0.12,<0.13,1.05,<0.23,<0.24,<0.17
#34 GLHHFTS (2015),807494,37.38,Lake Superior,MI,GLNS15-1338,46.88719,-88.32472,Pisces,Longnose sucker,Composite fillet,1,5,8/16/15,2015,<0.36,<0.21,4.72,2.36,<0.13,<0.63,<0.13,5.35,0.16,9.13,0.52,<0.24,10.1
#34 GLHHFTS (2015),794974,40.38,Lake Superior,MI,GLNS15-1339,47.2838,-88.51741,Pisces,Longnose sucker,Composite fillet,1,5,7/22/15,2015,<0.36,<0.21,3.21,1.9,<0.13,<0.63,<0.13,4.13,0.2,7.8,<0.23,<0.24,6.93
#34 GLHHFTS (2015),778454,25.86666667,Lake Superior,MI,GLNS15-1340,46.6853,-86.1697,Pisces,Lake whitefish,Composite fillet,1,3,6/12/15,2015,<0.36,<0.21,0.28,0.13,<0.13,<0.63,<0.13,0.38,<0.13,0.99,<0.23,<0.24,0.55
#34 GLHHFTS (2015),806774,32.82,Lake Superior,MI,GLNS15-1341,46.92451,-87.84378,Pisces,Lake whitefish,Composite fillet,1,5,9/2/15,2015,<0.36,<0.21,<0.16,<0.09,<0.13,<0.63,<0.13,<0.12,<0.13,0.85,<0.23,<0.24,0.2
#34 GLHHFTS (2015),777914,53,Lake Superior,MI,GLNS15-1343,46.79341,-85.23359,Pisces,Lake whitefish,Composite fillet,1,3,9/15/15,2015,<0.36,<0.21,2.29,1.33,<0.13,<0.63,<0.13,4.21,0.26,4.88,<0.23,<0.24,4.74
#34 GLHHFTS (2015),795334,45.25,Lake Superior,MI,GLNS15-1345,47.04289,-88.98127,Pisces,Longnose sucker,Composite fillet,1,4,7/23/15,2015,<0.36,<0.21,3.89,2.42,<0.13,<0.63,<0.13,5.97,<0.13,7.92,<0.23,<0.24,8.84
#34 GLHHFTS (2015),806934,33.14,Lake Superior,MI,GLNS15-1346,46.51201,-87.1486,Pisces,Lake whitefish,Composite fillet,1,5,8/23/15,2015,<0.36,<0.21,0.31,0.15,<0.13,<0.63,<0.13,0.37,<0.13,1.11,<0.23,<0.24,0.56
#34 GLHHFTS (2015),779974,55.9,Lake Superior,MI,GLNS15-1347,46.58914,-85.02058,Pisces,Chinook salmon,Fillet,1,1,9/16/15,2015,<0.36,<0.21,<0.16,<0.09,<0.13,<0.63,<0.13,<0.12,<0.13,1.39,<0.23,<0.24,<0.17
#34 GLHHFTS (2015),776534,55.83333333,Lake Superior,MI,GLNS15-2001,46.72739,-85.88539,Pisces,Lake trout,Composite fillet,1,3,9/2/15,2015,<0.36,<0.21,0.25,0.12,<0.13,<0.63,<0.13,0.29,<0.13,1.45,<0.23,<0.24,0.49
#34 GLHHFTS (2015),778514,59.34,Lake Superior,MI,GLNS15-2002,46.71328,-85.63315,Pisces,Lake trout,Composite fillet,1,5,9/2/15,2015,<0.36,<0.21,0.26,0.29,<0.13,<0.63,<0.13,0.67,<0.13,1.79,<0.23,<0.24,0.73
#34 GLHHFTS (2015),807174,28.88,Lake Superior,MI,GLNS15-2003,46.93697,-87.92977,Pisces,Lake whitefish,Composite fillet,1,5,9/2/15,2015,<0.36,<0.21,<0.16,<0.09,<0.13,<0.63,<0.13,0.14,<0.13,1.2,0.27,<0.24,0.28
#34 GLHHFTS (2015),778554,60.53333333,Lake Superior,MI,GLNS15-2005,46.71108,-85.90874,Pisces,Lake trout,Composite fillet,1,3,9/2/15,2015,<0.36,<0.21,0.45,0.34,<0.13,<0.63,<0.13,0.96,<0.13,2.03,<0.23,<0.24,1.1
#34 GLHHFTS (2015),780154,27.56666667,Lake Superior,MI,GLNS15-2006,46.5078,-85.03641,Pisces,Lake whitefish,Composite fillet,1,3,6/24/15,2015,<0.36,<0.21,<0.16,0.13,<0.13,<0.63,<0.13,0.33,0.18,0.69,<0.23,<0.24,0.32
#34 GLHHFTS (2015),794954,40.35,Lake Superior,MI,GLNS15-2007,47.20559,-88.74796,Pisces,Longnose sucker,Composite fillet,1,4,7/22/15,2015,<0.36,<0.21,3.48,2.06,<0.13,<0.63,<0.13,5.04,<0.13,8.54,<0.23,<0.24,7.05
#34 GLHHFTS (2015),806994,33.35,Lake Superior,MI,GLNS15-2009,46.70392,-87.48891,Pisces,Lake whitefish,Composite fillet,1,4,8/21/15,2015,<0.36,<0.21,<0.16,<0.09,<0.13,<0.63,<0.13,0.17,<0.13,0.52,<0.23,<0.24,0.17
#34 GLHHFTS (2015),794934,45.02,Lake Superior,MI,GLNS15-2011,46.84759,-89.42213,Pisces,Longnose sucker,Composite fillet,1,5,7/19/15,2015,<0.36,<0.21,5.08,2.65,<0.13,<0.63,<0.13,8.39,<0.13,10.9,0.41,<0.24,10.3
#34 GLHHFTS (2015),806794,50.2,Lake Superior,MI,GLNS15-2013,46.46954,-86.93968,Pisces,Longnose sucker,Fillet,1,1,8/24/15,2015,<0.36,<0.21,5.81,3.65,<0.13,<0.63,<0.13,5.01,<0.13,4.47,<0.23,<0.24,15
#34 GLHHFTS (2015),780014,42.8,Lake Superior,MI,GLNS15-2025,46.44628,-84.56227,Pisces,Lake whitefish,Composite fillet,1,3,7/9/15,2015,<0.36,<0.21,0.71,0.56,<0.13,<0.63,<0.13,1.56,<0.13,3.08,<0.23,<0.24,2.12
#34 GLHHFTS (2015),778714,46.2,Lake Superior,MN,GLNS15-1333,47.14114,-91.45036,Pisces,Lake whitefish,Composite fillet,1,4,6/15/15,2015,<0.36,<0.21,<0.16,<0.09,<0.13,<0.63,<0.13,0.17,0.15,0.77,<0.23,<0.24,0.2
#34 GLHHFTS (2015),778734,44.03333333,Lake Superior,MN,GLNS15-1334,47.55628,-90.86774,Pisces,Lake whitefish,Composite fillet,1,3,6/14/15,2015,<0.36,<0.21,<0.16,<0.09,<0.13,<0.63,<0.13,0.2,<0.13,1.58,<0.23,<0.24,0.35
#34 GLHHFTS (2015),778694,40.4,Lake Superior,MN,GLNS15-1342,46.79049,-92.04478,Pisces,Lake trout,Composite fillet,1,3,6/17/15,2015,<0.36,<0.21,0.35,0.19,<0.13,<0.63,<0.13,0.95,<0.13,2.68,<0.23,<0.24,0.71
#34 GLHHFTS (2015),778314,54,Lake Superior,MN,GLNS15-2004,47.02243,-91.64885,Pisces,Lake trout,Fillet,1,1,6/16/15,2015,<0.36,<0.21,0.37,0.09,<0.13,<0.63,<0.13,0.94,<0.13,2.73,<0.23,<0.24,0.64
#34 GLHHFTS (2015),778674,39.6,Lake Superior,MN,GLNS15-2010,46.73704,-92.07052,Pisces,Walleye,Composite fillet,1,5,6/18/15,2015,<0.36,<0.21,0.4,0.23,<0.13,<0.63,<0.13,0.63,<0.13,4.5,<0.23,<0.24,0.91
#34 GLHHFTS (2015),778754,37.56,Lake Superior,MN,GLNS15-2012,47.8107,-90.06487,Pisces,Lake whitefish,Composite fillet,1,5,6/12/15,2015,<0.36,<0.21,<0.16,<0.09,<0.13,<0.63,<0.13,0.14,<0.13,1,<0.23,<0.24,<0.17
#34 GLHHFTS (2015),778874,20.34,Lake Erie,OH,GLNS15-1152,41.74625,-83.37917,Pisces,Yellow perch,Composite fillet,1,5,8/5/15,2015,<0.36,<0.21,0.97,0.47,<0.13,<0.63,<0.13,<0.12,<0.13,9.22,<0.23,<0.24,0.72
#34 GLHHFTS (2015),775194,24.32,Lake Erie,OH,GLNS15-1153,41.51047,-82.13911,Pisces,Yellow perch,Composite fillet,1,5,8/10/15,2015,<0.36,<0.21,1.12,0.33,<0.13,<0.63,<0.13,0.27,<0.13,18.3,0.25,<0.24,0.73
#34 GLHHFTS (2015),775214,32,Lake Erie,OH,GLNS15-1157,41.50063,-82.21454,Pisces,White bass,Composite fillet,1,3,10/22/15,2015,<0.36,<0.21,4.19,0.58,<0.13,<0.63,<0.13,2.09,<0.13,54.7,<0.23,<0.24,2.1
#34 GLHHFTS (2015),775174,26.32,Lake Erie,OH,GLNS15-1159,41.97568,-80.61522,Pisces,Yellow perch,Composite fillet,1,5,9/3/15,2015,<0.36,<0.21,1.9,0.68,<0.13,<0.63,<0.13,0.25,<0.13,23,<0.23,<0.24,1.89
#34 GLHHFTS (2015),778794,20.9,Lake Erie,OH,GLNS15-1160,41.63394,-83.16825,Pisces,Yellow perch,Composite fillet,1,5,7/31/15,2015,<0.36,<0.21,0.63,0.21,<0.13,<0.63,<0.13,<0.12,<0.13,10.7,<0.23,<0.24,0.29
#34 GLHHFTS (2015),778834,19.8,Lake Erie,OH,GLNS15-1161,41.4289,-82.58178,Pisces,White perch,Composite fillet,1,5,8/7/15,2015,<0.36,<0.21,1.62,0.73,<0.13,<0.63,<0.13,<0.12,<0.13,29.3,<0.23,<0.24,1.4
#34 GLHHFTS (2015),775154,23.91111111,Lake Erie,OH,GLNS15-1163,41.48865,-81.74175,Pisces,Yellow perch,Composite fillet,1,9,10/23/15,2015,<0.36,<0.21,0.7,0.1,<0.13,<0.63,<0.13,<0.12,<0.13,10.4,<0.23,<0.24,0.36
#34 GLHHFTS (2015),775114,50.76,Lake Erie,OH,GLNS15-1165,41.56669,-82.7652,Pisces,Freshwater drum,Composite fillet,1,5,6/3/15,2015,<0.36,<0.21,1.31,0.66,<0.13,<0.63,<0.13,0.22,<0.13,11.5,<0.23,<0.24,1.01
#34 GLHHFTS (2015),775234,25.6,Lake Erie,OH,GLNS15-2140,41.90744,-80.88457,Pisces,Yellow perch,Composite fillet,1,10,10/21/15,2015,<0.36,<0.21,0.98,0.26,<0.13,<0.63,<0.13,0.23,<0.13,16.6,<0.23,<0.24,0.84
#34 GLHHFTS (2015),775034,42.36,Lake Erie,OH,GLNS15-2142,41.48269,-82.73135,Pisces,Freshwater drum,Composite fillet,1,5,6/2/15,2015,<0.36,<0.21,2.8,1.01,<0.13,<0.63,<0.13,0.33,<0.13,47.2,<0.23,<0.24,3.63
#34 GLHHFTS (2015),778094,25.32,Lake Erie,OH,GLNS15-2144,41.87082,-81.0397,Pisces,Yellow perch,Composite fillet,1,10,10/21/15,2015,<0.36,<0.21,0.85,<0.09,<0.13,<0.63,<0.13,<0.12,<0.13,15.6,<0.23,<0.24,0.36
#34 GLHHFTS (2015),778074,22.82222222,Lake Erie,OH,GLNS15-2147,41.5105,-81.78188,Pisces,Yellow perch,Composite fillet,1,9,10/23/15,2015,<0.36,<0.21,0.46,<0.09,<0.13,<0.63,<0.13,0.13,<0.13,8.44,<0.23,<0.24,0.27
#34 GLHHFTS (2015),778854,19.06,Lake Erie,OH,GLNS15-2149,41.70096,-83.2507,Pisces,Yellow perch,Composite fillet,1,5,8/3/15,2015,<0.36,<0.21,1.07,0.51,<0.13,<0.63,<0.13,0.48,0.13,18,<0.23,<0.24,0.39
#34 GLHHFTS (2015),775094,49.54,Lake Erie,OH,GLNS15-2150,41.57233,-82.68278,Pisces,Freshwater drum,Composite fillet,1,5,6/4/15,2015,<0.36,<0.21,1.82,0.65,<0.13,<0.63,<0.13,0.35,0.23,18.3,<0.23,<0.24,1.55
#34 GLHHFTS (2015),805954,25.05,Lake Erie,OH,GLNS15-2151,41.78731,-81.2147,Pisces,Yellow perch,Composite fillet,1,10,10/24/15,2015,<0.36,<0.21,0.7,0.2,<0.13,<0.63,<0.13,<0.12,<0.13,10.5,<0.23,<0.24,0.21
#34 GLHHFTS (2015),778034,25.86,Lake Erie,OH,GLNS15-2154,41.50361,-82.12039,Pisces,Yellow perch,Composite fillet,1,10,10/22/15,2015,<0.36,<0.21,0.56,<0.09,<0.13,<0.63,<0.13,0.13,<0.13,6.7,<0.23,<0.24,0.25
#34 GLHHFTS (2015),777154,32.4,Lake Erie,OH,GLNS15-2163,41.64035,-81.52632,Pisces,White bass,Composite fillet,1,4,10/24/15,2015,<0.36,<0.21,3.12,0.82,<0.13,<0.63,<0.13,1.67,0.2,53.6,<0.23,<0.24,2.12
#34 GLHHFTS (2015),775954,58.5,Lake Michigan,WI,GLNS15-1243,45.02915,-87.09338,Pisces,Burbot,Fillet,1,1,6/24/15,2015,<0.36,<0.21,1.72,0.9,<0.13,<0.63,<0.13,1.07,1.49,11.4,<0.23,<0.24,3.13
#34 GLHHFTS (2015),775974,46.7,Lake Michigan,WI,GLNS15-1244,42.6147,-87.81058,Pisces,Brown trout,Fillet,1,1,6/22/15,2015,<0.36,<0.21,0.54,0.2,<0.13,<0.63,<0.13,0.4,1.84,19,<0.23,<0.24,0.7
#34 GLHHFTS (2015),776034,46.9,Lake Michigan,WI,GLNS15-1251,43.32892,-87.86407,Pisces,Burbot,Fillet,1,1,6/21/15,2015,<0.36,<0.21,1.03,1.08,<0.13,<0.63,<0.13,1.12,1,17.2,0.33,<0.24,2.01
#34 GLHHFTS (2015),776054,53.45,Lake Michigan,WI,GLNS15-1256,44.94803,-87.69861,Pisces,Walleye,Composite fillet,1,2,7/12/15,2015,<0.36,<0.21,0.78,0.34,<0.13,<0.63,<0.13,0.36,3.73,14.5,<0.23,<0.24,0.75
#34 GLHHFTS (2015),775814,42.3,Lake Michigan,WI,GLNS15-2048,45.08151,-87.54124,Pisces,White sucker,Composite fillet,1,4,8/11/15,2015,<0.36,<0.21,1.58,0.67,<0.13,<0.63,<0.13,0.97,0.88,9.46,0.88,<0.24,1.83
#34 GLHHFTS (2015),775834,35.56,Lake Michigan,WI,GLNS15-2058,44.45254,-87.49285,Pisces,White sucker,Composite fillet,1,5,6/20/15,2015,<0.36,<0.21,1.07,0.32,<0.13,<0.63,<0.13,0.47,0.22,11.8,<0.23,<0.24,1.13
#34 GLHHFTS (2015),775854,42.66,Lake Michigan,WI,GLNS15-2059,44.94476,-87.64327,Pisces,White sucker,Composite fillet,1,5,8/12/15,2015,<0.36,<0.21,1.63,0.75,<0.13,<0.63,<0.13,0.2,1.55,9.08,<0.23,<0.24,1.99
#34 GLHHFTS (2015),775874,67.5,Lake Michigan,WI,GLNS15-2060,44.99926,-87.09029,Pisces,Walleye,Fillet,1,1,10/6/15,2015,<0.36,<0.21,0.78,0.35,<0.13,<0.63,<0.13,0.17,2.31,11.5,<0.23,<0.24,0.84
#34 GLHHFTS (2015),778934,39.375,Lake Superior,WI,GLNS15-1337,46.77051,-91.62224,Pisces,Lake whitefish,Composite fillet,1,4,6/24/15,2015,<0.36,<0.21,1.69,0.72,<0.13,<0.63,<0.13,3.33,0.34,6.99,0.25,<0.24,2.91
#34 GLHHFTS (2015),778954,42.72,Lake Superior,WI,GLNS15-1344,46.6728,-90.81696,Pisces,Lake whitefish,Composite fillet,1,5,7/2/15,2015,<0.36,<0.21,<0.16,0.1,<0.13,<0.63,<0.13,0.13,0.2,1.99,<0.23,<0.24,0.32
#34 GLHHFTS (2015),779014,35.42,Lake Superior,WI,GLNS15-2008,46.79927,-91.46272,Pisces,Lake whitefish,Composite fillet,1,5,6/24/15,2015,<0.36,<0.21,0.18,<0.09,<0.13,<0.63,<0.13,0.25,0.27,1.53,<0.23,<0.24,0.26
#34 GLHHFTS (2015),779034,71.9,Lake Superior,WI,GLNS15-2015,46.63427,-90.57573,Pisces,Brown trout,Fillet,1,1,10/6/15,2015,<0.36,<0.21,0.56,0.48,<0.13,<0.63,<0.13,0.33,<0.13,3.79,<0.23,<0.24,1.58