Author (Citation),Sample ID,Waterbody,Location,Latitude,Longitude,Class,Species,Tissue,N,n,Collection Date,Sampling Year,PFBA,PFHxA,PFHpA,PFOA,PFNA,PFDA,PFUnA,PFDoA,PFTrDA,PFTeDA,PFBS,PFHxS,PFOS,PFDS,NMeFOSAA,NEtFOSAA,PFOSA
#45 Brase et al (2022),#45 BRASE 1,Lake Ontario,"Hoosic River, Downstream",42.91418046,-73.35759986,Insecta,Mayflies,Bulk composite,1,NA,9/1/20,2020,<0.70,<0.30,<0.46,3.57,<0.08,0.56,0.43,<0.50,<0.33,<0.13,<0.36,<0.22,22.91,<0.55,0.4,<0.16,0.53
#45 Brase et al (2022),#45 BRASE 2,Lake Ontario,"Hoosic River, Downstream",42.91418046,-73.35759986,Insecta,Mayflies,Bulk composite,1,NA,9/1/20,2020,<0.70,<0.30,<0.46,9.7,1.06,1.08,0.73,<0.50,<0.33,<0.13,<0.36,<0.22,24.23,<0.55,<0.18,<0.16,<0.07
#45 Brase et al (2022),#45 BRASE 3,Lake Ontario,"Hoosic River, Downstream",42.91418046,-73.35759986,Insecta,Mayflies,Bulk composite,1,NA,9/1/20,2020,<0.70,<0.30,<0.46,7.86,0.67,0.61,0.45,<0.50,<0.33,<0.13,<0.36,<0.22,18.92,<0.55,0.52,<0.16,0.53
#45 Brase et al (2022),#45 BRASE 4,Lake Ontario,"Hoosic River, Upstream",42.8597623,-73.33928746,Insecta,Mayflies,Bulk composite,1,NA,9/1/20,2020,<0.70,<0.30,<0.46,1.96,0.22,0.25,<0.32,<0.50,<0.33,<0.13,<0.36,<0.22,7.01,<0.55,<0.18,<0.16,<0.07
#45 Brase et al (2022),#45 BRASE 5,Lake Ontario,"Hoosic River, Upstream",42.8597623,-73.33928746,Insecta,Mayflies,Bulk composite,1,NA,9/1/20,2020,<0.70,<0.30,<0.46,1.94,0.16,0.23,<0.32,<0.50,<0.33,<0.13,<0.36,<0.22,6.52,<0.55,<0.18,<0.16,<0.07
#45 Brase et al (2022),#45 BRASE 6,Lake Ontario,"Hoosic River, Upstream",42.8597623,-73.33928746,Insecta,Mayflies,Bulk composite,1,NA,9/1/20,2020,<0.70,<0.30,<0.46,2.31,0.22,0.27,<0.32,<0.50,<0.33,<0.13,<0.36,<0.22,8.69,<0.55,<0.18,<0.16,<0.07
#45 Brase et al (2022),#45 BRASE 7,Lake Ontario,"Hoosic River, Upstream",42.8597623,-73.33928746,Insecta,Mayflies,Bulk composite,1,NA,9/1/20,2020,<0.70,<0.30,<0.46,2.83,0.23,0.28,<0.32,<0.50,<0.33,<0.13,<0.36,<0.22,8.67,<0.55,<0.18,<0.16,<0.07
#45 Brase et al (2022),#45 BRASE 8,Lake Ontario,"Hoosic River, Upstream",42.8597623,-73.33928746,Insecta,Mayflies,Bulk composite,1,NA,9/1/20,2020,<0.70,<0.30,<0.46,1.82,0.15,0.17,<0.32,<0.50,<0.33,<0.13,<0.36,<0.22,6.53,<0.55,<0.18,<0.16,<0.07
#45 Brase et al (2022),#45 BRASE 9,Lake Ontario,"Hoosic River, Upstream",42.8597623,-73.33928746,Insecta,Mayflies,Bulk composite,1,NA,9/1/20,2020,<0.70,<0.30,<0.46,1.69,0.18,0.23,<0.32,<0.50,<0.33,<0.13,<0.36,<0.22,5.98,<0.55,<0.18,<0.16,<0.07
#45 Brase et al (2022),#45 BRASE 10,Lake Ontario,"Poesten Kill, Downstream",42.71817603,-73.60756742,Insecta,Mayflies,Bulk composite,1,NA,9/1/20,2020,<0.70,<0.30,<0.46,1.02,0.45,0.2,<0.32,<0.50,<0.33,<0.13,<0.36,<0.22,3.66,<0.55,<0.18,<0.16,<0.07
#45 Brase et al (2022),#45 BRASE 11,Lake Ontario,"Poesten Kill, Downstream",42.71817603,-73.60756742,Insecta,Mayflies,Bulk composite,1,NA,9/1/20,2020,<0.70,<0.30,<0.46,0.96,0.58,0.26,<0.32,<0.50,<0.33,<0.13,<0.36,<0.22,4.05,<0.55,<0.18,<0.16,<0.07
#45 Brase et al (2022),#45 BRASE 12,Lake Ontario,"Poesten Kill, Downstream",42.71817603,-73.60756742,Insecta,Mayflies,Bulk composite,1,NA,9/1/20,2020,<0.70,<0.30,<0.46,1.4,0.75,0.29,<0.32,<0.50,<0.33,<0.13,<0.36,<0.22,5.57,<0.55,<0.18,<0.16,<0.07
#45 Brase et al (2022),#45 BRASE 13,Lake Ontario,"Poesten Kill, Downstream",42.71817603,-73.60756742,Insecta,Mayflies,Bulk composite,1,NA,9/1/20,2020,<0.70,<0.30,<0.46,1.11,0.51,0.31,<0.32,<0.50,<0.33,<0.13,<0.36,<0.22,3.86,<0.55,<0.18,<0.16,<0.07
#45 Brase et al (2022),#45 BRASE 14,Lake Ontario,"Poesten Kill, Downstream",42.71817603,-73.60756742,Insecta,Mayflies,Bulk composite,1,NA,9/1/20,2020,<0.70,<0.30,<0.46,0.79,0.37,0.25,<0.32,<0.50,<0.33,<0.13,<0.36,<0.22,3,<0.55,<0.18,<0.16,<0.07
#45 Brase et al (2022),#45 BRASE 15,Lake Ontario,"Poesten Kill, Downstream",42.71817603,-73.60756742,Insecta,Mayflies,Bulk composite,1,NA,9/1/20,2020,<0.70,<0.30,<0.46,0.71,0.41,0.21,<0.32,<0.50,<0.33,<0.13,<0.36,<0.22,3.09,<0.55,<0.18,<0.16,<0.07
#45 Brase et al (2022),#45 BRASE 16,Lake Ontario,"Poesten Kill, Upstream",42.67856816,-73.49986282,Insecta,Mayflies,Bulk composite,1,NA,9/1/20,2020,<0.70,<0.30,<0.46,0.72,0.76,0.29,0.36,<0.50,<0.33,<0.13,<0.36,<0.22,2.66,<0.55,<0.18,<0.16,<0.07
#45 Brase et al (2022),#45 BRASE 17,Lake Ontario,"Poesten Kill, Upstream",42.67856816,-73.49986282,Insecta,Mayflies,Bulk composite,1,NA,9/1/20,2020,<0.70,<0.30,<0.46,0.6,0.63,0.24,<0.32,<0.50,<0.33,<0.13,<0.36,<0.22,2.51,<0.55,<0.18,<0.16,<0.07
#45 Brase et al (2022),#45 BRASE 18,Lake Ontario,"Poesten Kill, Upstream",42.67856816,-73.49986282,Insecta,Mayflies,Bulk composite,1,NA,9/1/20,2020,<0.70,<0.30,<0.46,0.64,0.71,0.3,0.35,<0.50,<0.33,<0.13,<0.36,<0.22,2.64,<0.55,<0.18,<0.16,<0.07
#45 Brase et al (2022),#45 BRASE 19,Lake Ontario,"Poesten Kill, Upstream",42.67856816,-73.49986282,Insecta,Mayflies,Bulk composite,1,NA,9/1/20,2020,<0.70,<0.30,<0.46,0.93,0.82,0.38,0.43,<0.50,<0.33,<0.13,<0.36,<0.22,2.93,<0.55,<0.18,<0.16,<0.07
#45 Brase et al (2022),#45 BRASE 20,Lake Ontario,"Poesten Kill, Upstream",42.67856816,-73.49986282,Insecta,Mayflies,Bulk composite,1,NA,9/1/20,2020,<0.70,<0.30,<0.46,0.98,0.88,0.35,0.47,<0.50,<0.33,<0.13,<0.36,<0.22,3.35,<0.55,<0.18,<0.16,<0.07
#45 Brase et al (2022),#45 BRASE 21,Lake Ontario,"Poesten Kill, Upstream",42.67856816,-73.49986282,Insecta,Mayflies,Bulk composite,1,NA,9/1/20,2020,<0.70,<0.30,<0.46,1.1,0.95,0.46,0.46,<0.50,<0.33,<0.13,<0.36,<0.22,3.31,<0.55,<0.18,<0.16,<0.07
#45 Brase et al (2022),#45 BRASE 22,Lake Ontario,"Hoosic River, Downstream",42.91418046,-73.35759986,Insecta,Hellgrammites,Bulk composite,1,NA,9/1/20,2020,<0.70,<0.30,<0.46,3.55,0.66,0.81,0.41,<0.50,<0.33,<0.13,<0.36,<0.22,18.45,0.9,<0.18,<0.16,0.39
#45 Brase et al (2022),#45 BRASE 23,Lake Ontario,"Hoosic River, Downstream",42.91418046,-73.35759986,Insecta,Hellgrammites,Bulk composite,1,NA,9/1/20,2020,<0.70,<0.30,<0.46,3.79,0.63,0.69,0.4,<0.50,<0.33,<0.13,<0.36,<0.22,15.8,<0.55,<0.18,<0.16,0.39
#45 Brase et al (2022),#45 BRASE 24,Lake Ontario,"Hoosic River, Downstream",42.91418046,-73.35759986,Insecta,Hellgrammites,Bulk composite,1,NA,9/1/20,2020,<0.70,<0.30,<0.46,5.89,0.69,0.74,0.43,<0.50,<0.33,<0.13,<0.36,<0.22,23.75,<0.55,<0.18,<0.16,0.35
#45 Brase et al (2022),#45 BRASE 25,Lake Ontario,"Hoosic River, Downstream",42.91418046,-73.35759986,Insecta,Hellgrammites,Bulk composite,1,NA,9/1/20,2020,<0.70,<0.30,<0.46,2.68,0.58,0.7,0.4,<0.50,<0.33,<0.13,<0.36,<0.22,17.58,<0.55,<0.18,<0.16,0.37
#45 Brase et al (2022),#45 BRASE 26,Lake Ontario,"Hoosic River, Downstream",42.91418046,-73.35759986,Insecta,Hellgrammites,Bulk composite,1,NA,9/1/20,2020,<0.70,<0.30,<0.46,4.28,0.63,0.62,0.5,<0.50,<0.33,<0.13,<0.36,<0.22,24.22,<0.55,<0.18,<0.16,0.36
#45 Brase et al (2022),#45 BRASE 27,Lake Ontario,"Hoosic River, Downstream",42.91418046,-73.35759986,Insecta,Hellgrammites,Bulk composite,1,NA,9/1/20,2020,<0.70,<0.30,<0.46,5.55,0.74,0.84,0.41,<0.50,<0.33,<0.13,<0.36,<0.22,22.5,0.6,<0.18,<0.16,0.22
#45 Brase et al (2022),#45 BRASE 28,Lake Ontario,"Hoosic River, Upstream",42.8597623,-73.33928746,Insecta,Hellgrammites,Bulk composite,1,NA,9/1/20,2020,<0.70,<0.30,<0.46,3.51,0.82,1.07,0.53,<0.50,<0.33,<0.13,<0.36,<0.22,23.8,<0.55,<0.18,<0.16,0.3
#45 Brase et al (2022),#45 BRASE 29,Lake Ontario,"Hoosic River, Upstream",42.8597623,-73.33928746,Insecta,Hellgrammites,Bulk composite,1,NA,9/1/20,2020,<0.70,<0.30,<0.46,4.43,0.7,1.09,0.62,<0.50,<0.33,<0.13,<0.36,<0.22,26.58,0.58,<0.18,<0.16,0.23
#45 Brase et al (2022),#45 BRASE 30,Lake Ontario,"Hoosic River, Upstream",42.8597623,-73.33928746,Insecta,Hellgrammites,Bulk composite,1,NA,9/1/20,2020,<0.70,<0.30,<0.46,3.46,0.74,1.16,0.65,<0.50,<0.33,<0.13,<0.36,<0.22,24.43,<0.55,<0.18,<0.16,0.31
#45 Brase et al (2022),#45 BRASE 31,Lake Ontario,"Hoosic River, Upstream",42.8597623,-73.33928746,Insecta,Hellgrammites,Bulk composite,1,NA,9/1/20,2020,<0.70,<0.30,<0.46,3.46,0.78,1.21,0.68,<0.50,<0.33,<0.13,<0.36,<0.22,29.05,<0.55,<0.18,<0.16,0.47
#45 Brase et al (2022),#45 BRASE 32,Lake Ontario,"Hoosic River, Upstream",42.8597623,-73.33928746,Insecta,Hellgrammites,Bulk composite,1,NA,9/1/20,2020,<0.70,<0.30,<0.46,2.04,0.61,0.95,0.49,<0.50,<0.33,<0.13,<0.36,<0.22,19.1,<0.55,<0.18,<0.16,0.3
#45 Brase et al (2022),#45 BRASE 33,Lake Ontario,"Hoosic River, Upstream",42.8597623,-73.33928746,Insecta,Hellgrammites,Bulk composite,1,NA,9/1/20,2020,<0.70,<0.30,<0.46,3.28,0.78,0.93,0.46,<0.50,<0.33,<0.13,<0.36,<0.22,22.14,<0.55,<0.18,<0.16,0.28
#45 Brase et al (2022),#45 BRASE 34,Lake Ontario,"Poesten Kill, Downstream",42.71817603,-73.60756742,Insecta,Hellgrammites,Bulk composite,1,NA,9/1/20,2020,<0.70,<0.30,<0.46,<0.30,<0.08,0.47,0.41,<0.50,<0.33,<0.13,<0.36,<0.22,3.87,<0.55,<0.18,<0.16,<0.07
#45 Brase et al (2022),#45 BRASE 35,Lake Ontario,"Poesten Kill, Downstream",42.71817603,-73.60756742,Insecta,Hellgrammites,Bulk composite,1,NA,9/1/20,2020,<0.70,<0.30,<0.46,<0.30,<0.08,<0.12,<0.32,<0.50,<0.33,<0.13,<0.36,<0.22,1.03,<0.55,<0.18,<0.16,<0.07
#45 Brase et al (2022),#45 BRASE 36,Lake Ontario,"Poesten Kill, Downstream",42.71817603,-73.60756742,Insecta,Hellgrammites,Bulk composite,1,NA,9/1/20,2020,<0.70,<0.30,<0.46,<0.30,<0.08,0.26,<0.32,<0.50,<0.33,<0.13,<0.36,<0.22,3.31,<0.55,<0.18,<0.16,<0.07
#45 Brase et al (2022),#45 BRASE 37,Lake Ontario,"Poesten Kill, Downstream",42.71817603,-73.60756742,Insecta,Hellgrammites,Bulk composite,1,NA,9/1/20,2020,<0.70,<0.30,<0.46,<0.30,<0.08,<0.12,0.95,<0.50,<0.33,<0.13,<0.36,<0.22,4.34,<0.55,<0.18,<0.16,<0.07
#45 Brase et al (2022),#45 BRASE 38,Lake Ontario,"Poesten Kill, Downstream",42.71817603,-73.60756742,Insecta,Hellgrammites,Bulk composite,1,NA,9/1/20,2020,<0.70,<0.30,<0.46,<0.30,<0.08,0.5,0.59,<0.50,<0.33,<0.13,<0.36,<0.22,3.99,<0.55,<0.18,<0.16,<0.07
#45 Brase et al (2022),#45 BRASE 39,Lake Ontario,"Poesten Kill, Downstream",42.71817603,-73.60756742,Insecta,Hellgrammites,Bulk composite,1,NA,9/1/20,2020,<0.70,<0.30,<0.46,<0.30,<0.08,0.28,<0.32,<0.50,<0.33,<0.13,<0.36,<0.22,1.04,<0.55,<0.18,<0.16,<0.07
#45 Brase et al (2022),#45 BRASE 40,Lake Ontario,"Poesten Kill, Upstream",42.67856816,-73.49986282,Insecta,Hellgrammites,Bulk composite,1,NA,9/1/20,2020,<0.70,<0.30,<0.46,<0.30,<0.08,1,2.09,0.87,<0.33,<0.13,<0.36,<0.22,9.53,<0.55,<0.18,<0.16,<0.07
#45 Brase et al (2022),#45 BRASE 41,Lake Ontario,"Poesten Kill, Upstream",42.67856816,-73.49986282,Insecta,Hellgrammites,Bulk composite,1,NA,9/1/20,2020,<0.70,<0.30,<0.46,<0.30,<0.08,0.74,1.56,0.61,<0.33,<0.13,<0.36,<0.22,9.24,<0.55,<0.18,<0.16,<0.07
#45 Brase et al (2022),#45 BRASE 42,Lake Ontario,"Poesten Kill, Upstream",42.67856816,-73.49986282,Insecta,Hellgrammites,Bulk composite,1,NA,9/1/20,2020,<0.70,<0.30,<0.46,<0.30,<0.08,0.62,1.08,<0.50,<0.33,<0.13,<0.36,<0.22,6.09,<0.55,<0.18,<0.16,<0.07
#45 Brase et al (2022),#45 BRASE 43,Lake Ontario,"Poesten Kill, Upstream",42.67856816,-73.49986282,Insecta,Hellgrammites,Bulk composite,1,NA,9/1/20,2020,<0.70,<0.30,<0.46,<0.30,<0.08,0.72,1.12,<0.50,<0.33,<0.13,<0.36,<0.22,6.73,<0.55,<0.18,<0.16,<0.07
#45 Brase et al (2022),#45 BRASE 44,Lake Ontario,"Poesten Kill, Upstream",42.67856816,-73.49986282,Insecta,Hellgrammites,Bulk composite,1,NA,9/1/20,2020,<0.70,<0.30,<0.46,<0.30,<0.08,0.15,0.39,<0.50,<0.33,<0.13,<0.36,<0.22,1.5,<0.55,<0.18,<0.16,<0.07
#45 Brase et al (2022),#45 BRASE 45,Lake Ontario,"Poesten Kill, Upstream",42.67856816,-73.49986282,Insecta,Hellgrammites,Bulk composite,1,NA,9/1/20,2020,<0.70,<0.30,<0.46,<0.30,<0.08,0.3,0.45,<0.50,<0.33,<0.13,<0.36,<0.22,1.7,<0.55,<0.18,<0.16,<0.07
#45 Brase et al (2022),#45 BRASE 46,Lake Ontario,"Hoosic River, Downstream",42.91418046,-73.35759986,Insecta,Water penny beetles,Bulk composite,1,NA,9/1/20,2020,<0.70,<0.30,<0.46,3.49,0.53,<0.12,0.37,<0.50,<0.33,<0.13,<0.36,<0.22,6,<0.55,<0.18,<0.16,<0.07
#45 Brase et al (2022),#45 BRASE 47,Lake Ontario,"Hoosic River, Downstream",42.91418046,-73.35759986,Insecta,Water penny beetles,Bulk composite,1,NA,9/1/20,2020,<0.70,<0.30,<0.46,4.82,0.95,<0.12,0.46,<0.50,<0.33,<0.13,<0.36,<0.22,9.57,<0.55,<0.18,<0.16,<0.07
#45 Brase et al (2022),#45 BRASE 48,Lake Ontario,"Hoosic River, Downstream",42.91418046,-73.35759986,Insecta,Water penny beetles,Bulk composite,1,NA,9/1/20,2020,<0.70,<0.30,<0.46,3.49,0.63,<0.12,0.45,<0.50,<0.33,<0.13,<0.36,<0.22,5.89,<0.55,<0.18,<0.16,<0.07
#45 Brase et al (2022),#45 BRASE 49,Lake Ontario,"Hoosic River, Downstream",42.91418046,-73.35759986,Insecta,Water penny beetles,Bulk composite,1,NA,9/1/20,2020,<0.70,<0.30,<0.46,4.92,0.98,<0.12,0.58,<0.50,<0.33,<0.13,<0.36,<0.22,10.34,<0.55,<0.18,<0.16,<0.07
#45 Brase et al (2022),#45 BRASE 50,Lake Ontario,"Hoosic River, Downstream",42.91418046,-73.35759986,Insecta,Water penny beetles,Bulk composite,1,NA,9/1/20,2020,<0.70,<0.30,<0.46,4.05,0.7,<0.12,0.36,<0.50,<0.33,<0.13,<0.36,<0.22,6.76,<0.55,<0.18,<0.16,<0.07
#45 Brase et al (2022),#45 BRASE 51,Lake Ontario,"Hoosic River, Downstream",42.91418046,-73.35759986,Insecta,Water penny beetles,Bulk composite,1,NA,9/1/20,2020,<0.70,<0.30,<0.46,4.13,0.82,<0.12,0.47,<0.50,<0.33,<0.13,<0.36,<0.22,8.1,<0.55,<0.18,<0.16,<0.07
#45 Brase et al (2022),#45 BRASE 52,Lake Ontario,"Hoosic River, Upstream",42.8597623,-73.33928746,Insecta,Water penny beetles,Bulk composite,1,NA,9/1/20,2020,<0.70,<0.30,<0.46,3.49,0.96,<0.12,0.59,<0.50,<0.33,<0.13,<0.36,<0.22,14.77,<0.55,<0.18,<0.16,<0.07
#45 Brase et al (2022),#45 BRASE 53,Lake Ontario,"Hoosic River, Upstream",42.8597623,-73.33928746,Insecta,Water penny beetles,Bulk composite,1,NA,9/1/20,2020,<0.70,<0.30,<0.46,4.09,0.96,<0.12,0.58,<0.50,<0.33,<0.13,<0.36,<0.22,15.68,<0.55,<0.18,<0.16,<0.07
#45 Brase et al (2022),#45 BRASE 54,Lake Ontario,"Hoosic River, Upstream",42.8597623,-73.33928746,Insecta,Water penny beetles,Bulk composite,1,NA,9/1/20,2020,<0.70,<0.30,<0.46,3.99,0.86,<0.12,0.46,<0.50,<0.33,<0.13,<0.36,<0.22,13.27,<0.55,<0.18,<0.16,<0.07
#45 Brase et al (2022),#45 BRASE 55,Lake Ontario,"Hoosic River, Upstream",42.8597623,-73.33928746,Insecta,Water penny beetles,Bulk composite,1,NA,9/1/20,2020,<0.70,<0.30,<0.46,2.62,0.67,<0.12,0.39,<0.50,<0.33,<0.13,<0.36,<0.22,9.74,<0.55,<0.18,<0.16,<0.07
#45 Brase et al (2022),#45 BRASE 56,Lake Ontario,"Hoosic River, Upstream",42.8597623,-73.33928746,Insecta,Water penny beetles,Bulk composite,1,NA,9/1/20,2020,<0.70,<0.30,<0.46,2.92,0.9,<0.12,0.52,<0.50,<0.33,<0.13,<0.36,<0.22,12.7,<0.55,<0.18,<0.16,<0.07
#45 Brase et al (2022),#45 BRASE 57,Lake Ontario,"Hoosic River, Upstream",42.8597623,-73.33928746,Insecta,Water penny beetles,Bulk composite,1,NA,9/1/20,2020,<0.70,<0.30,<0.46,2.76,0.58,<0.12,0.35,<0.50,<0.33,<0.13,<0.36,<0.22,10.03,<0.55,<0.18,<0.16,<0.07
#45 Brase et al (2022),#45 BRASE 58,Lake Ontario,"Poesten Kill, Downstream",42.71817603,-73.60756742,Insecta,Water penny beetles,Bulk composite,1,NA,9/1/20,2020,<0.70,<0.30,<0.46,0.47,0.69,<0.12,<0.32,<0.50,<0.33,<0.13,<0.36,<0.22,1.54,<0.55,<0.18,<0.16,<0.07
#45 Brase et al (2022),#45 BRASE 59,Lake Ontario,"Poesten Kill, Downstream",42.71817603,-73.60756742,Insecta,Water penny beetles,Bulk composite,1,NA,9/1/20,2020,<0.70,<0.30,<0.46,0.56,0.67,<0.12,<0.32,<0.50,<0.33,<0.13,<0.36,<0.22,1.83,<0.55,<0.18,<0.16,<0.07
#45 Brase et al (2022),#45 BRASE 60,Lake Ontario,"Poesten Kill, Downstream",42.71817603,-73.60756742,Insecta,Water penny beetles,Bulk composite,1,NA,9/1/20,2020,<0.70,<0.30,<0.46,0.42,0.6,<0.12,<0.32,<0.50,<0.33,<0.13,<0.36,<0.22,1.49,<0.55,<0.18,<0.16,<0.07
#45 Brase et al (2022),#45 BRASE 61,Lake Ontario,"Poesten Kill, Downstream",42.71817603,-73.60756742,Insecta,Water penny beetles,Bulk composite,1,NA,9/1/20,2020,<0.70,<0.30,<0.46,0.51,0.78,<0.12,0.34,<0.50,<0.33,<0.13,<0.36,<0.22,1.57,<0.55,<0.18,<0.16,<0.07
#45 Brase et al (2022),#45 BRASE 62,Lake Ontario,"Poesten Kill, Downstream",42.71817603,-73.60756742,Insecta,Water penny beetles,Bulk composite,1,NA,9/1/20,2020,<0.70,<0.30,<0.46,<0.3,0.38,<0.12,<0.32,<0.50,<0.33,<0.13,<0.36,<0.22,0.95,<0.55,<0.18,<0.16,<0.07
#45 Brase et al (2022),#45 BRASE 63,Lake Ontario,"Poesten Kill, Downstream",42.71817603,-73.60756742,Insecta,Water penny beetles,Bulk composite,1,NA,9/1/20,2020,<0.70,<0.30,<0.46,0.32,0.49,<0.12,<0.32,<0.50,<0.33,<0.13,<0.36,<0.22,1.04,<0.55,<0.18,<0.16,<0.07
#45 Brase et al (2022),#45 BRASE 64,Lake Ontario,"Hoosic River, Downstream",42.91418046,-73.35759986,Insecta,Caddisflies,Bulk composite,1,NA,9/1/20,2020,<0.70,<0.30,<0.46,2.41,0.83,<0.12,0.49,<0.50,<0.33,<0.13,<0.36,<0.22,8.78,<0.55,<0.18,<0.16,<0.07
#45 Brase et al (2022),#45 BRASE 65,Lake Ontario,"Hoosic River, Downstream",42.91418046,-73.35759986,Insecta,Caddisflies,Bulk composite,1,NA,9/1/20,2020,<0.70,<0.30,<0.46,1.61,0.51,<0.12,0.33,<0.50,<0.33,<0.13,<0.36,<0.22,5.22,<0.55,<0.18,<0.16,<0.07
#45 Brase et al (2022),#45 BRASE 66,Lake Ontario,"Hoosic River, Downstream",42.91418046,-73.35759986,Insecta,Caddisflies,Bulk composite,1,NA,9/1/20,2020,<0.70,<0.30,<0.46,1.73,0.85,<0.12,<0.32,<0.50,<0.33,<0.13,<0.36,<0.22,6.18,<0.55,<0.18,<0.16,<0.07
#45 Brase et al (2022),#45 BRASE 67,Lake Ontario,"Hoosic River, Downstream",42.91418046,-73.35759986,Insecta,Caddisflies,Bulk composite,1,NA,9/1/20,2020,<0.70,<0.30,<0.46,3.3,1.64,<0.12,0.67,<0.50,<0.33,<0.13,<0.36,<0.22,12.8,<0.55,<0.18,<0.16,<0.07
#45 Brase et al (2022),#45 BRASE 68,Lake Ontario,"Hoosic River, Downstream",42.91418046,-73.35759986,Insecta,Caddisflies,Bulk composite,1,NA,9/1/20,2020,<0.70,<0.30,<0.46,2.24,0.67,<0.12,<0.32,<0.50,<0.33,<0.13,<0.36,<0.22,6.37,<0.55,<0.18,<0.16,<0.07
#45 Brase et al (2022),#45 BRASE 69,Lake Ontario,"Hoosic River, Downstream",42.91418046,-73.35759986,Insecta,Caddisflies,Bulk composite,1,NA,9/1/20,2020,<0.70,<0.30,<0.46,2.41,1,<0.12,0.37,<0.50,<0.33,<0.13,<0.36,<0.22,6.04,<0.55,<0.18,<0.16,<0.07
#45 Brase et al (2022),#45 BRASE 70,Lake Ontario,"Hoosic River, Upstream",42.8597623,-73.33928746,Insecta,Caddisflies,Bulk composite,1,NA,9/1/20,2020,<0.70,<0.30,<0.46,1.1,0.54,<0.12,0.36,<0.50,<0.33,<0.13,<0.36,<0.22,5.65,<0.55,<0.18,<0.16,<0.07
#45 Brase et al (2022),#45 BRASE 71,Lake Ontario,"Hoosic River, Upstream",42.8597623,-73.33928746,Insecta,Caddisflies,Bulk composite,1,NA,9/1/20,2020,<0.70,<0.30,<0.46,1.12,0.49,<0.12,<0.32,<0.50,<0.33,<0.13,<0.36,<0.22,4.84,<0.55,<0.18,<0.16,<0.07
#45 Brase et al (2022),#45 BRASE 72,Lake Ontario,"Hoosic River, Upstream",42.8597623,-73.33928746,Insecta,Caddisflies,Bulk composite,1,NA,9/1/20,2020,<0.70,<0.30,<0.46,0.87,0.41,<0.12,<0.32,<0.50,<0.33,<0.13,<0.36,<0.22,4.4,<0.55,<0.18,<0.16,<0.07
#45 Brase et al (2022),#45 BRASE 73,Lake Ontario,"Hoosic River, Upstream",42.8597623,-73.33928746,Insecta,Caddisflies,Bulk composite,1,NA,9/1/20,2020,<0.70,<0.30,<0.46,0.83,0.46,<0.12,<0.32,<0.50,<0.33,<0.13,<0.36,<0.22,4.21,<0.55,<0.18,<0.16,<0.07
#45 Brase et al (2022),#45 BRASE 74,Lake Ontario,"Hoosic River, Upstream",42.8597623,-73.33928746,Insecta,Caddisflies,Bulk composite,1,NA,9/1/20,2020,<0.70,<0.30,<0.46,1,0.41,<0.12,<0.32,<0.50,<0.33,<0.13,<0.36,<0.22,3.96,<0.55,<0.18,<0.16,<0.07
#45 Brase et al (2022),#45 BRASE 75,Lake Ontario,"Hoosic River, Upstream",42.8597623,-73.33928746,Insecta,Caddisflies,Bulk composite,1,NA,9/1/20,2020,<0.70,<0.30,<0.46,1.04,0.43,<0.12,<0.32,<0.50,<0.33,<0.13,<0.36,<0.22,4.96,<0.55,<0.18,<0.16,<0.07
#45 Brase et al (2022),#45 BRASE 76,Lake Ontario,"Hoosic River, Upstream",42.8597623,-73.33928746,Insecta,Stoneflies,Bulk composite,1,NA,9/1/20,2020,<0.70,<0.30,<0.46,0.58,0.14,0.46,<0.32,<0.50,<0.33,<0.13,<0.36,<0.22,13.37,<0.55,<0.18,<0.16,<0.07
#45 Brase et al (2022),#45 BRASE 77,Lake Ontario,"Hoosic River, Upstream",42.8597623,-73.33928746,Insecta,Stoneflies,Bulk composite,1,NA,9/1/20,2020,<0.70,<0.30,<0.46,2.25,0.26,0.46,<0.32,<0.50,<0.33,<0.13,<0.36,<0.22,11.11,<0.55,<0.18,<0.16,<0.07
#45 Brase et al (2022),#45 BRASE 78,Lake Ontario,"Poesten Kill, Downstream",42.71817603,-73.60756742,Insecta,Stoneflies,Bulk composite,1,NA,9/1/20,2020,<0.70,<0.30,<0.46,<0.30,<0.08,<0.12,0.38,<0.50,<0.33,<0.13,<0.36,<0.22,3.52,<0.55,<0.18,<0.16,<0.07
#45 Brase et al (2022),#45 BRASE 79,Lake Ontario,"Poesten Kill, Downstream",42.71817603,-73.60756742,Insecta,Stoneflies,Bulk composite,1,NA,9/1/20,2020,<0.70,<0.30,<0.46,<0.30,0.15,0.24,0.36,<0.50,<0.33,<0.13,<0.36,<0.22,4.97,<0.55,<0.18,<0.16,<0.07
#45 Brase et al (2022),#45 BRASE 80,Lake Ontario,"Poesten Kill, Downstream",42.71817603,-73.60756742,Insecta,Stoneflies,Bulk composite,1,NA,9/1/20,2020,<0.70,<0.30,<0.46,<0.30,0.29,0.35,0.34,<0.50,<0.33,<0.13,<0.36,<0.22,5.34,<0.55,<0.18,<0.16,<0.07
#45 Brase et al (2022),#45 BRASE 81,Lake Ontario,"Poesten Kill, Downstream",42.71817603,-73.60756742,Insecta,Stoneflies,Bulk composite,1,NA,9/1/20,2020,<0.70,<0.30,<0.46,<0.30,<0.08,0.17,<0.32,<0.50,<0.33,<0.13,<0.36,<0.22,2.89,<0.55,<0.18,<0.16,<0.07
#45 Brase et al (2022),#45 BRASE 82,Lake Ontario,"Poesten Kill, Downstream",42.71817603,-73.60756742,Insecta,Stoneflies,Bulk composite,1,NA,9/1/20,2020,<0.70,<0.30,<0.46,<0.30,0.2,0.24,<0.32,<0.50,<0.33,<0.13,<0.36,<0.22,3.87,<0.55,<0.18,<0.16,<0.07
#45 Brase et al (2022),#45 BRASE 83,Lake Ontario,"Poesten Kill, Downstream",42.71817603,-73.60756742,Insecta,Stoneflies,Bulk composite,1,NA,9/1/20,2020,<0.70,<0.30,<0.46,<0.30,<0.08,0.17,<0.32,<0.50,<0.33,<0.13,<0.36,<0.22,2.16,<0.55,<0.18,<0.16,<0.07
#45 Brase et al (2022),#45 BRASE 84,Lake Ontario,"Poesten Kill, Upstream",42.67856816,-73.49986282,Insecta,Stoneflies,Bulk composite,1,NA,9/1/20,2020,<0.70,<0.30,<0.46,<0.30,0.28,0.38,0.53,<0.50,<0.33,<0.13,<0.36,<0.22,5.04,<0.55,<0.18,<0.16,<0.07
#45 Brase et al (2022),#45 BRASE 85,Lake Ontario,"Poesten Kill, Upstream",42.67856816,-73.49986282,Insecta,Stoneflies,Bulk composite,1,NA,9/1/20,2020,<0.70,<0.30,<0.46,<0.30,0.14,0.23,0.39,<0.50,<0.33,<0.13,<0.36,<0.22,2.65,<0.55,<0.18,<0.16,<0.07
#45 Brase et al (2022),#45 BRASE 86,Lake Ontario,"Poesten Kill, Upstream",42.67856816,-73.49986282,Insecta,Stoneflies,Bulk composite,1,NA,9/1/20,2020,<0.70,<0.30,<0.46,0.48,0.3,0.32,0.41,<0.50,<0.33,<0.13,<0.36,<0.22,3.42,<0.55,<0.18,<0.16,<0.07
#45 Brase et al (2022),#45 BRASE 87,Lake Ontario,"Poesten Kill, Upstream",42.67856816,-73.49986282,Insecta,Stoneflies,Bulk composite,1,NA,9/1/20,2020,<0.70,<0.30,<0.46,0.35,0.22,0.24,<0.32,<0.50,<0.33,<0.13,<0.36,<0.22,3.17,<0.55,<0.18,<0.16,<0.07
#45 Brase et al (2022),#45 BRASE 88,Lake Ontario,"Poesten Kill, Upstream",42.67856816,-73.49986282,Insecta,Stoneflies,Bulk composite,1,NA,9/1/20,2020,<0.70,<0.30,<0.46,<0.30,0.12,0.22,<0.32,<0.50,<0.33,<0.13,<0.36,<0.22,2.16,<0.55,<0.18,<0.16,<0.07
#45 Brase et al (2022),#45 BRASE 89,Lake Ontario,"Poesten Kill, Upstream",42.67856816,-73.49986282,Insecta,Stoneflies,Bulk composite,1,NA,9/1/20,2020,<0.70,<0.30,<0.46,<0.30,0.19,0.22,<0.32,<0.50,<0.33,<0.13,<0.36,<0.22,2.91,<0.55,<0.18,<0.16,<0.07
#45 Brase et al (2022),#45 BRASE 90,Lake Ontario,"Hoosic River, Upstream",42.8597623,-73.33928746,Astacoidea,Crayfish,Bulk composite,1,NA,9/1/20,2020,<0.70,<0.30,<0.46,2.39,0.13,0.16,<0.32,<0.50,<0.33,<0.13,<0.36,<0.22,1.07,<0.55,<0.18,<0.16,0.22
#45 Brase et al (2022),#45 BRASE 91,Lake Ontario,"Hoosic River, Upstream",42.8597623,-73.33928746,Astacoidea,Crayfish,Bulk composite,1,NA,9/1/20,2020,<0.70,<0.30,<0.46,0.93,<0.08,0.14,<0.32,<0.50,<0.33,<0.13,<0.36,<0.22,0.46,<0.55,<0.18,<0.16,0.19
#45 Brase et al (2022),#45 BRASE 92,Lake Ontario,"Hoosic River, Upstream",42.8597623,-73.33928746,Astacoidea,Crayfish,Bulk composite,1,NA,9/1/20,2020,<0.70,<0.30,<0.46,1.11,<0.08,<0.12,<0.32,<0.50,<0.33,<0.13,<0.36,<0.22,0.71,<0.55,<0.18,<0.16,0.15
#45 Brase et al (2022),#45 BRASE 93,Lake Ontario,"Hoosic River, Upstream",42.8597623,-73.33928746,Astacoidea,Crayfish,Bulk composite,1,NA,9/1/20,2020,<0.70,<0.30,<0.46,1.11,0.11,0.2,<0.32,<0.50,<0.33,<0.13,<0.36,<0.22,1.08,<0.55,<0.18,<0.16,0.13
#45 Brase et al (2022),#45 BRASE 94,Lake Ontario,"Hoosic River, Upstream",42.8597623,-73.33928746,Astacoidea,Crayfish,Bulk composite,1,NA,9/1/20,2020,<0.70,<0.30,<0.46,1.64,0.14,0.22,<0.32,<0.50,<0.33,<0.13,<0.36,<0.22,1.68,<0.55,<0.18,<0.16,0.22
#45 Brase et al (2022),#45 BRASE 95,Lake Ontario,"Hoosic River, Upstream",42.8597623,-73.33928746,Astacoidea,Crayfish,Bulk composite,1,NA,9/1/20,2020,<0.70,<0.30,<0.46,2.69,0.18,0.4,<0.32,<0.50,<0.33,<0.13,<0.36,<0.22,1.47,<0.55,<0.18,<0.16,0.22
#45 Brase et al (2022),#45 BRASE 96,Lake Ontario,"Poesten Kill, Downstream",42.71817603,-73.60756742,Astacoidea,Crayfish,Bulk composite,1,NA,9/1/20,2020,<0.70,<0.30,<0.46,<0.30,0.48,0.42,0.47,<0.50,<0.33,<0.13,<0.36,<0.22,0.66,<0.55,<0.18,<0.16,<0.07
#45 Brase et al (2022),#45 BRASE 97,Lake Ontario,"Poesten Kill, Downstream",42.71817603,-73.60756742,Astacoidea,Crayfish,Bulk composite,1,NA,9/1/20,2020,<0.70,<0.30,<0.46,<0.30,0.95,0.61,0.64,<0.50,<0.33,<0.13,<0.36,<0.22,1.2,<0.55,<0.18,<0.16,<0.07
#45 Brase et al (2022),#45 BRASE 98,Lake Ontario,"Poesten Kill, Downstream",42.71817603,-73.60756742,Astacoidea,Crayfish,Bulk composite,1,NA,9/1/20,2020,<0.70,<0.30,<0.46,<0.30,0.27,0.25,<0.32,<0.50,<0.33,<0.13,<0.36,<0.22,0.98,<0.55,<0.18,<0.16,<0.07
#45 Brase et al (2022),#45 BRASE 99,Lake Ontario,"Poesten Kill, Downstream",42.71817603,-73.60756742,Astacoidea,Crayfish,Bulk composite,1,NA,9/1/20,2020,<0.70,<0.30,<0.46,<0.30,0.25,0.31,0.47,<0.50,<0.33,<0.13,<0.36,<0.22,0.54,<0.55,<0.18,<0.16,<0.07
#45 Brase et al (2022),#45 BRASE 100,Lake Ontario,"Poesten Kill, Downstream",42.71817603,-73.60756742,Astacoidea,Crayfish,Bulk composite,1,NA,9/1/20,2020,<0.70,<0.30,<0.46,<0.30,0.32,0.28,0.38,<0.50,<0.33,<0.13,<0.36,<0.22,0.49,<0.55,<0.18,<0.16,<0.07
#45 Brase et al (2022),#45 BRASE 101,Lake Ontario,"Poesten Kill, Downstream",42.71817603,-73.60756742,Astacoidea,Crayfish,Bulk composite,1,NA,9/1/20,2020,<0.70,<0.30,<0.46,<0.30,0.44,0.36,0.38,<0.50,<0.33,<0.13,<0.36,<0.22,0.76,<0.55,<0.18,<0.16,<0.07
#45 Brase et al (2022),#45 BRASE 102,Lake Ontario,"Poesten Kill, Upstream",42.67856816,-73.49986282,Astacoidea,Crayfish,Bulk composite,1,NA,9/1/20,2020,<0.70,<0.30,<0.46,<0.3,<0.08,<0.12,<0.32,<0.50,<0.33,<0.13,<0.36,<0.22,3.76,<0.55,<0.18,<0.16,<0.07
#45 Brase et al (2022),#45 BRASE 103,Lake Ontario,"Poesten Kill, Upstream",42.67856816,-73.49986282,Astacoidea,Crayfish,Bulk composite,1,NA,9/1/20,2020,<0.70,<0.30,<0.46,0.47,0.27,0.28,0.65,<0.50,<0.33,<0.13,<0.36,<0.22,1.02,<0.55,<0.18,<0.16,<0.07
#45 Brase et al (2022),#45 BRASE 104,Lake Ontario,"Poesten Kill, Upstream",42.67856816,-73.49986282,Astacoidea,Crayfish,Bulk composite,1,NA,9/1/20,2020,<0.70,<0.30,<0.46,0.37,0.3,0.46,0.98,<0.50,<0.33,<0.13,<0.36,<0.22,1.22,<0.55,<0.18,<0.16,<0.07
#45 Brase et al (2022),#45 BRASE 105,Lake Ontario,"Poesten Kill, Downstream",42.71817603,-73.60756742,Insecta,Dragonflies,Bulk composite,1,NA,9/1/20,2020,<0.70,<0.30,<0.46,<0.30,0.35,0.27,<0.32,<0.50,<0.33,<0.13,<0.36,<0.22,3.74,<0.55,<0.18,<0.16,<0.07
#45 Brase et al (2022),#45 BRASE 106,Lake Ontario,"Poesten Kill, Downstream",42.71817603,-73.60756742,Insecta,Dragonflies,Bulk composite,1,NA,9/1/20,2020,<0.70,<0.30,<0.46,<0.30,<0.08,0.29,<0.32,<0.50,<0.33,<0.13,<0.36,<0.22,0.57,<0.55,<0.18,<0.16,<0.07
#45 Brase et al (2022),#45 BRASE 107,Lake Ontario,"Poesten Kill, Downstream",42.71817603,-73.60756742,Insecta,Dragonflies,Bulk composite,1,NA,9/1/20,2020,<0.70,<0.30,<0.46,<0.30,0.41,0.17,0.46,<0.50,<0.33,<0.13,<0.36,<0.22,4.86,<0.55,<0.18,<0.16,<0.07
#45 Brase et al (2022),#45 BRASE 108,Lake Ontario,"Poesten Kill, Downstream",42.71817603,-73.60756742,Insecta,Dragonflies,Bulk composite,1,NA,9/1/20,2020,<0.70,<0.30,<0.46,<0.30,0.3,0.32,0.33,<0.50,<0.33,<0.13,<0.36,<0.22,3.5,<0.55,<0.18,<0.16,<0.07
#45 Brase et al (2022),#45 BRASE 109,Lake Ontario,"Poesten Kill, Downstream",42.71817603,-73.60756742,Insecta,Dragonflies,Bulk composite,1,NA,9/1/20,2020,<0.70,<0.30,<0.46,<0.30,0.46,0.55,0.58,<0.50,<0.33,<0.13,<0.36,<0.22,9.16,<0.55,<0.18,<0.16,<0.07
#45 Brase et al (2022),#45 BRASE 110,Lake Ontario,"Poesten Kill, Upstream",42.67856816,-73.49986282,Insecta,Dragonflies,Bulk composite,1,NA,9/1/20,2020,<0.70,<0.30,<0.46,0.3,1.13,0.89,1.23,<0.50,<0.33,<0.13,<0.36,<0.22,8.93,<0.55,<0.18,<0.16,<0.07
#45 Brase et al (2022),#45 BRASE 111,Lake Ontario,"Poesten Kill, Upstream",42.67856816,-73.49986282,Insecta,Dragonflies,Bulk composite,1,NA,9/1/20,2020,<0.70,<0.30,<0.46,0.33,0.84,0.66,0.88,<0.50,<0.33,<0.13,<0.36,<0.22,5.93,<0.55,<0.18,<0.16,<0.07
#45 Brase et al (2022),#45 BRASE 112,Lake Ontario,"Poesten Kill, Upstream",42.67856816,-73.49986282,Insecta,Dragonflies,Bulk composite,1,NA,9/1/20,2020,<0.70,<0.30,<0.46,<0.30,0.25,0.4,0.5,<0.50,<0.33,<0.13,<0.36,<0.22,2.42,<0.55,<0.18,<0.16,<0.07
#45 Brase et al (2022),#45 BRASE 113,Lake Ontario,"Poesten Kill, Upstream",42.67856816,-73.49986282,Insecta,Dragonflies,Bulk composite,1,NA,9/1/20,2020,<0.70,<0.30,<0.46,<0.30,<0.08,<0.12,<0.32,<0.50,<0.33,<0.13,<0.36,<0.22,0.33,<0.55,<0.18,<0.16,<0.07
#45 Brase et al (2022),#45 BRASE 114,Lake Ontario,"Poesten Kill, Upstream",42.67856816,-73.49986282,Insecta,Dragonflies,Bulk composite,1,NA,9/1/20,2020,<0.70,<0.30,<0.46,<0.30,0.43,0.43,0.42,<0.50,<0.33,<0.13,<0.36,0.22,1.23,<0.55,<0.18,<0.16,<0.07
#45 Brase et al (2022),#45 BRASE 115,Lake Ontario,"Poesten Kill, Upstream",42.67856816,-73.49986282,Insecta,Dragonflies,Bulk composite,1,NA,9/1/20,2020,<0.70,<0.30,<0.46,<0.30,<0.08,<0.12,<0.32,<0.50,<0.33,<0.13,<0.36,1.82,<0.2,<0.55,<0.18,<0.16,<0.07
#45 Brase et al (2022),#45 BRASE 116,Lake Ontario,"Poesten Kill, Upstream",42.67856816,-73.49986282,Insecta,Trueflies,Bulk composite,1,NA,9/1/20,2020,<0.70,<0.30,<0.46,0.69,0.23,0.2,<0.32,<0.50,<0.33,<0.13,<0.36,<0.22,1.7,<0.55,<0.18,<0.16,<0.07
#45 Brase et al (2022),#45 BRASE 117,Lake Ontario,"Poesten Kill, Upstream",42.67856816,-73.49986282,Insecta,Trueflies,Bulk composite,1,NA,9/1/20,2020,<0.70,<0.30,<0.46,<0.30,<0.08,0.17,<0.32,<0.50,<0.33,<0.13,<0.36,<0.22,1.64,<0.55,<0.18,<0.16,<0.07
#45 Brase et al (2022),#45 BRASE 118,Lake Ontario,"Poesten Kill, Upstream",42.67856816,-73.49986282,Insecta,Trueflies,Bulk composite,1,NA,9/1/20,2020,<0.70,<0.30,<0.46,<0.30,0.11,<0.12,<0.32,<0.50,<0.33,<0.13,<0.36,<0.22,0.35,<0.55,<0.18,<0.16,<0.07
#45 Brase et al (2022),#45 BRASE 119,Lake Ontario,"Poesten Kill, Upstream",42.67856816,-73.49986282,Insecta,Trueflies,Bulk composite,1,NA,9/1/20,2020,<0.70,<0.30,<0.46,<0.30,<0.08,0.24,<0.32,<0.50,<0.33,<0.13,<0.36,<0.22,2.28,<0.55,<0.18,<0.16,<0.07
#45 Brase et al (2022),#45 BRASE 120,Lake Ontario,"Poesten Kill, Upstream",42.67856816,-73.49986282,Insecta,Trueflies,Bulk composite,1,NA,9/1/20,2020,<0.70,<0.30,<0.46,<0.30,<0.08,0.18,<0.32,<0.50,<0.33,<0.13,<0.36,<0.22,1.78,<0.55,<0.18,<0.16,<0.07
#45 Brase et al (2022),#45 BRASE 121,Lake Ontario,"Poesten Kill, Upstream",42.67856816,-73.49986282,Insecta,Trueflies,Bulk composite,1,NA,9/1/20,2020,<0.70,<0.30,<0.46,<0.30,0.16,0.23,<0.32,<0.50,<0.33,<0.13,<0.36,<0.22,2.1,<0.55,<0.18,<0.16,<0.07