Author (Citation),Sample ID,Total Length (cm),Total Weight (g),Sex Ratio,Maturity,Age (Years),Waterbody,Location,Latitude,Longitude,Class,Species,Tissue,N,n,Sampling Year,PFBA,PFPeA,PFBS,PFHxA,PFHpA,PFHxS,PFOA,PFNA,PFOS,PFDS,PFDA,PFUnA,PFDoA,PFTrDA,PFTeDA,PFHxDA
#7 Point et al (2021), 021617_LOLT_2005_001_R1   Sample ID,63,3015,0.4,NA,4.8,Lake Ontario,North Hamlin,43.41666667,-77.91666667,Pisces,Lake trout,Composite whole fish homogenate,1,5,2005,<0.427,<0.238,<0.193,<0.216,<0.273,1.086,<0.299,1.323,143.288,2.674,1.767,2.324,0.632,1.384,0.250,<0.293
#7 Point et al (2021), 031517_LOLT_2005_002_dup_avg  Sample ID,56,2400,1,NA,3.8,Lake Ontario,North Hamlin,43.41666667,-77.91666667,Pisces,Lake trout,Composite whole fish homogenate,2,5,2005,<0.427,<0.238,<0.193,<0.216,<0.273,0.800,<0.299,0.975,95.927,2.329,1.530,2.007,0.572,1.295,0.201,<0.293
#7 Point et al (2021), 021617_LOLT_2005_004_R1   Sample ID,61,3311,0.6,NA,4.8,Lake Ontario,North Hamlin,43.41666667,-77.91666667,Pisces,Lake trout,Composite whole fish homogenate,1,5,2005,<0.427,<0.238,<0.193,<0.216,<0.273,1.198,<0.299,1.567,132.259,2.976,2.397,3.241,0.848,1.903,0.293,<0.293
#7 Point et al (2021), 032817_LOLT_2005_010_R1   Sample ID,60.8,3125,0.4,NA,4.6,Lake Ontario,North Hamlin,43.41666667,-77.91666667,Pisces,Lake trout,Composite whole fish homogenate,1,5,2005,<0.427,<0.238,<0.193,<0.216,<0.273,1.023,<0.299,1.238,127.498,2.726,2.067,2.881,0.806,1.546,0.305,<0.293
#7 Point et al (2021), 021219_BMP_LOLakeTrout20050713005   Sample ID,69.64,3477.4,0.6,NA,5,Lake Ontario,North Hamlin,43.41666667,-77.91666667,Pisces,Lake trout,Composite whole fish homogenate,1,5,2005,<0.427,<0.238,<0.193,<0.216,<0.273,0.899,<0.299,1.053,105.353,2.676,1.585,2.435,0.696,1.720,0.232,<0.293
#7 Point et al (2021), 020719_BMP_LOLakeTrout20060623001   Sample ID,62.78,2389.8,0,NA,5.8,Lake Ontario,Oswego,43.58333333,-76.25,Pisces,Lake trout,Composite whole fish homogenate,1,5,2006,<0.427,<0.238,<0.193,<0.216,<0.273,0.886,<0.299,1.130,113.729,3.033,1.964,2.868,0.773,1.599,0.400,<0.293
#7 Point et al (2021), 020719_BMP_LOLakeTrout20060623002   Sample ID,63.84,2532,0.2,NA,5.8,Lake Ontario,Oswego,43.58333333,-76.25,Pisces,Lake trout,Composite whole fish homogenate,1,5,2006,<0.427,<0.238,<0.193,<0.216,<0.273,0.564,<0.299,0.606,67.776,1.676,0.963,1.378,0.432,0.938,0.224,<0.293
#7 Point et al (2021), 020719_BMP_LOLakeTrout20060623003   Sample ID,65.58,2696.8,0.4,NA,6.4,Lake Ontario,Oswego,43.58333333,-76.25,Pisces,Lake trout,Composite whole fish homogenate,1,5,2006,<0.427,<0.238,<0.193,<0.216,<0.273,1.062,0.447,1.357,124.553,3.084,2.064,3.008,0.817,1.458,0.329,<0.293
#7 Point et al (2021), 020719_BMP_LOLakeTrout20060623006   Sample ID,60.34,2178.2,0.2,NA,4.8,Lake Ontario,Oswego,43.58333333,-76.25,Pisces,Lake trout,Composite whole fish homogenate,1,5,2006,<0.427,<0.238,<0.193,<0.216,<0.273,1.428,<0.299,1.649,146.868,3.809,2.636,3.783,0.988,2.010,0.450,<0.293
#7 Point et al (2021), 020719_BMP_LOLakeTrout20060623007_dup_avg,58.62,1932.4,0,NA,4.4,Lake Ontario,Oswego,43.58333333,-76.25,Pisces,Lake trout,Composite whole fish homogenate,2,5,2006,<0.427,<0.238,<0.193,<0.216,<0.273,1.258,0.322,1.919,143.712,3.806,2.863,4.119,1.041,1.920,0.475,<0.293
#7 Point et al (2021), 020719_BMP_LOLakeTrout20070713001   Sample ID,64.3,2774.2,0.2,NA,4.6,Lake Ontario,North Hamlin,43.41666667,-77.91666667,Pisces,Lake trout,Composite whole fish homogenate,1,5,2007,<0.427,<0.238,<0.193,<0.216,<0.273,0.616,<0.299,0.725,75.161,2.108,1.501,2.277,0.784,1.349,0.354,<0.293
#7 Point et al (2021), 020719_BMP_LOLakeTrout20070713002   Sample ID,63.62,2651.8,0,NA,4.2,Lake Ontario,North Hamlin,43.41666667,-77.91666667,Pisces,Lake trout,Composite whole fish homogenate,1,5,2007,<0.427,<0.238,<0.193,<0.216,<0.273,0.636,<0.299,0.654,84.379,2.293,1.491,2.319,0.767,1.377,0.375,<0.293
#7 Point et al (2021), 020719_BMP_LOLakeTrout20070713003   Sample ID,60.98,2314,0.2,NA,5.4,Lake Ontario,North Hamlin,43.41666667,-77.91666667,Pisces,Lake trout,Composite whole fish homogenate,1,5,2007,<0.427,<0.238,<0.193,<0.216,<0.273,0.516,<0.299,0.590,64.663,1.639,1.295,1.762,0.541,1.098,0.270,<0.293
#7 Point et al (2021), 020719_BMP_LOLakeTrout20070713004   Sample ID,61.02,2211,0,NA,5.4,Lake Ontario,North Hamlin,43.41666667,-77.91666667,Pisces,Lake trout,Composite whole fish homogenate,1,5,2007,<0.427,<0.238,<0.193,<0.216,<0.273,0.821,<0.299,1.249,90.151,2.437,2.725,4.106,1.284,2.490,0.594,<0.293
#7 Point et al (2021),021119_BMP_LOLakeTrout20070713006,65.38,2910,NA,NA,5,Lake Ontario,North Hamlin,43.41666667,-77.91666667,Pisces,Lake trout,Composite whole fish homogenate,1,5,2007,<0.427,<0.238,<0.193,<0.216,<0.273,1.065,<0.299,1.197,130.245,3.770,2.860,4.712,1.492,2.852,0.697,<0.293
#7 Point et al (2021), 021119_BMP_LOLakeTrout20080623001   Sample ID,67.64,3108.2,0.4,NA,7.2,Lake Ontario,Oswego,43.58333333,-76.25,Pisces,Lake trout,Composite whole fish homogenate,1,5,2008,<0.427,<0.238,<0.193,<0.216,<0.273,0.796,<0.299,1.327,160.195,3.593,2.995,4.613,1.220,2.887,0.539,<0.293
#7 Point et al (2021), 021119_BMP_LOLakeTrout20080623002   Sample ID,70.1,3532,0.4,NA,7.6,Lake Ontario,Oswego,43.58333333,-76.25,Pisces,Lake trout,Composite whole fish homogenate,1,5,2008,<0.427,<0.238,<0.193,<0.216,<0.273,0.952,<0.299,0.826,157.477,3.531,2.329,3.314,1.027,2.287,0.593,<0.293
#7 Point et al (2021), 021119_BMP_LOLakeTrout20080623003   Sample ID,69.94,3409.4,0.2,NA,7.4,Lake Ontario,Oswego,43.58333333,-76.25,Pisces,Lake trout,Composite whole fish homogenate,1,5,2008,<0.427,<0.238,<0.193,<0.216,<0.273,0.872,<0.299,1.205,123.871,2.909,2.419,3.203,0.960,2.263,0.480,<0.293
#7 Point et al (2021), 021119_BMP_LOLakeTrout20080623004   Sample ID,73.16,4422.6,0.4,NA,7.6,Lake Ontario,Oswego,43.58333333,-76.25,Pisces,Lake trout,Composite whole fish homogenate,1,5,2008,<0.427,<0.238,<0.193,<0.216,<0.273,0.892,<0.299,1.080,108.650,2.808,2.282,3.278,1.127,2.855,0.648,<0.293
#7 Point et al (2021), 021119_BMP_LOLakeTrout20080623005_dup_avg,67.54,2929.6,0.2,NA,6.4,Lake Ontario,Oswego,43.58333333,-76.25,Pisces,Lake trout,Composite whole fish homogenate,2,5,2008,<0.427,<0.238,<0.193,<0.216,<0.273,0.795,0.327,0.777,130.698,2.967,1.915,2.341,0.846,2.555,0.466,<0.293
#7 Point et al (2021), 021617_LOLT_2009_001_R1   Sample ID,60.8,3125,0,NA,6.8,Lake Ontario,North Hamlin,43.41666667,-77.91666667,Pisces,Lake trout,Composite whole fish homogenate,1,5,2009,<0.427,<0.238,<0.193,<0.216,<0.273,0.842,<0.299,1.015,108.738,2.018,2.000,2.315,0.849,1.561,0.395,<0.293
#7 Point et al (2021), 021617_LOLT_2009_002_R1   Sample ID,64.2,3205,0.8,NA,7.2,Lake Ontario,North Hamlin,43.41666667,-77.91666667,Pisces,Lake trout,Composite whole fish homogenate,1,5,2009,<0.427,<0.238,<0.193,<0.216,<0.273,0.844,<0.299,0.906,107.633,2.061,2.066,2.519,0.921,1.855,0.454,<0.293
#7 Point et al (2021), 021617_LOLT_2009_003_R1   Sample ID,65,3560,0.2,NA,6.6,Lake Ontario,North Hamlin,43.41666667,-77.91666667,Pisces,Lake trout,Composite whole fish homogenate,1,5,2009,<0.427,<0.238,<0.193,<0.216,<0.273,0.886,<0.299,1.225,104.798,1.977,2.314,2.529,0.803,1.474,0.319,<0.293
#7 Point et al (2021), 032817_LOLT_2009_004_R1   Sample ID,64.2,3340,0.4,NA,6.6,Lake Ontario,North Hamlin,43.41666667,-77.91666667,Pisces,Lake trout,Composite whole fish homogenate,1,5,2009,<0.427,<0.238,<0.193,<0.216,<0.273,1.016,<0.299,1.121,104.360,2.364,2.213,2.531,0.899,1.754,0.409,<0.293
#7 Point et al (2021), 021119_BMP_LOLakeTrout20090713007   Sample ID,68.56,3590,0.6,NA,6.6,Lake Ontario,North Hamlin,43.41666667,-77.91666667,Pisces,Lake trout,Composite whole fish homogenate,1,5,2009,<0.427,<0.238,<0.193,<0.216,<0.273,0.731,<0.299,0.667,87.376,1.984,1.414,1.912,0.659,1.189,0.402,<0.293
#7 Point et al (2021), 021219_BMP_LOLakeTrout20100623003   Sample ID,65.74,2861.6,0.2,NA,4.4,Lake Ontario,Oswego,43.58333333,-76.25,Pisces,Lake trout,Composite whole fish homogenate,1,5,2010,<0.427,<0.238,<0.193,<0.216,<0.273,0.543,<0.299,0.611,68.673,1.553,1.290,1.893,0.679,1.536,0.331,<0.293
#7 Point et al (2021), 021219_BMP_LOLakeTrout20100623004   Sample ID,58.6,2145.8,NA,NA,4,Lake Ontario,Oswego,43.58333333,-76.25,Pisces,Lake trout,Composite whole fish homogenate,1,5,2010,<0.427,<0.238,<0.193,<0.216,<0.273,0.927,<0.299,1.248,81.759,1.897,2.166,2.703,0.875,1.837,0.399,<0.293
#7 Point et al (2021), 021219_BMP_LOLakeTrout20100623005   Sample ID,63.16,2320.2,NA,NA,4.4,Lake Ontario,Oswego,43.58333333,-76.25,Pisces,Lake trout,Composite whole fish homogenate,1,5,2010,<0.427,<0.238,<0.193,<0.216,<0.273,0.799,<0.299,1.111,73.578,1.928,2.029,2.424,0.900,2.231,0.450,<0.293
#7 Point et al (2021), 021219_BMP_LOLakeTrout20100623007   Sample ID,57.82,1745.6,NA,NA,3.8,Lake Ontario,Oswego,43.58333333,-76.25,Pisces,Lake trout,Composite whole fish homogenate,1,5,2010,<0.427,<0.238,<0.193,<0.216,<0.273,0.739,<0.299,1.311,76.274,1.776,2.174,2.282,0.631,1.668,0.282,<0.293
#7 Point et al (2021), 021219_BMP_LOLakeTrout20100623008   Sample ID,60.56,2233.2,NA,NA,3.8,Lake Ontario,Oswego,43.58333333,-76.25,Pisces,Lake trout,Composite whole fish homogenate,1,5,2010,<0.427,<0.238,<0.193,<0.216,<0.273,0.695,<0.299,1.282,98.341,2.304,2.329,2.983,0.938,1.835,0.369,<0.293
#7 Point et al (2021), 021219_BMP_LOLakeTrout20110713001_R1   Sample ID,63.64,2718.8,0.4,NA,4.6,Lake Ontario,North Hamlin,43.41666667,-77.91666667,Pisces,Lake trout,Composite whole fish homogenate,1,5,2011,<0.427,<0.238,<0.193,<0.216,<0.273,0.690,<0.299,0.969,87.224,1.820,2.306,2.746,0.972,2.444,0.440,<0.293
#7 Point et al (2021), 021219_BMP_LOLakeTrout20110713002   Sample ID,62.22,2309.8,0.4,NA,4.4,Lake Ontario,North Hamlin,43.41666667,-77.91666667,Pisces,Lake trout,Composite whole fish homogenate,1,5,2011,<0.427,<0.238,<0.193,<0.216,<0.273,0.514,<0.299,0.920,83.772,1.715,1.947,2.195,0.812,1.723,0.356,<0.293
#7 Point et al (2021), 021219_BMP_LOLakeTrout20110713003   Sample ID,61.94,2518.6,0.4,NA,4.2,Lake Ontario,North Hamlin,43.41666667,-77.91666667,Pisces,Lake trout,Composite whole fish homogenate,1,5,2011,<0.427,<0.238,<0.193,<0.216,<0.273,0.576,<0.299,0.937,84.763,1.828,2.440,2.485,0.928,1.900,0.378,<0.293
#7 Point et al (2021), 021219_BMP_LOLakeTrout20110713004   Sample ID,61.48,2430.6,0,NA,5,Lake Ontario,North Hamlin,43.41666667,-77.91666667,Pisces,Lake trout,Composite whole fish homogenate,1,5,2011,<0.427,<0.238,<0.193,<0.216,<0.273,0.708,<0.299,1.138,88.385,1.712,2.049,1.821,0.649,1.391,0.287,<0.293
#7 Point et al (2021), 021219_BMP_LOLakeTrout20110713005   Sample ID,62.18,2589.6,0.4,NA,4.4,Lake Ontario,North Hamlin,43.41666667,-77.91666667,Pisces,Lake trout,Composite whole fish homogenate,1,5,2011,<0.427,<0.238,<0.193,<0.216,<0.273,0.753,<0.299,0.852,77.204,1.580,1.878,1.952,0.835,2.167,0.389,<0.293
#7 Point et al (2021), 021419_BMP_LOLakeTrout2012622002   Sample ID,58.04,1872.6,0.4,NA,3.8,Lake Ontario,Oswego,43.58333333,-76.25,Pisces,Lake trout,Composite whole fish homogenate,1,5,2012,<0.427,<0.238,<0.193,<0.216,<0.273,0.695,<0.299,1.400,86.495,1.823,2.659,2.687,1.024,2.227,0.583,<0.293
#7 Point et al (2021), 021419_BMP_LOLakeTrout2012622003   Sample ID,60.68,2161.8,0.2,NA,4.2,Lake Ontario,Oswego,43.58333333,-76.25,Pisces,Lake trout,Composite whole fish homogenate,1,5,2012,<0.427,<0.238,<0.193,<0.216,<0.273,0.647,<0.299,1.030,69.388,1.613,2.077,1.895,0.774,1.394,0.519,<0.293
#7 Point et al (2021), 021419_BMP_LOLakeTrout2012622004   Sample ID,62.08,2618,0.2,NA,4.2,Lake Ontario,Oswego,43.58333333,-76.25,Pisces,Lake trout,Composite whole fish homogenate,1,5,2012,<0.427,<0.238,<0.193,<0.216,<0.273,0.614,<0.299,0.669,71.783,1.549,1.393,1.751,0.678,1.329,0.477,<0.293
#7 Point et al (2021), 021419_BMP_LOLakeTrout2012622005   Sample ID,67.14,3469.6,0.6,NA,5.2,Lake Ontario,Oswego,43.58333333,-76.25,Pisces,Lake trout,Composite whole fish homogenate,1,5,2012,<0.427,<0.238,<0.193,<0.216,<0.273,0.659,<0.299,0.733,88.617,1.744,1.540,1.642,0.649,1.689,0.492,<0.293
#7 Point et al (2021), 021419_BMP_LOLakeTrout2012622007_dup_avg,62.42,2515.6,0.4,NA,4,Lake Ontario,Oswego,43.58333333,-76.25,Pisces,Lake trout,Composite whole fish homogenate,2,5,2012,<0.427,<0.238,<0.193,<0.216,<0.273,0.497,<0.299,0.916,85.876,1.814,2.049,2.301,0.819,1.435,0.536,<0.293
#7 Point et al (2021), 021819_BMP_LOLakeTrout20130713AC001_R1   Sample ID,59,1984.8,0.2,NA,5,Lake Ontario,North Hamlin,43.41666667,-77.91666667,Pisces,Lake trout,Composite whole fish homogenate,1,5,2013,<0.427,<0.238,<0.193,<0.216,<0.273,0.436,<0.299,0.727,58.077,1.305,1.708,1.764,0.722,1.417,0.359,<0.293
#7 Point et al (2021), 021819_BMP_LOLakeTrout20130713AC002   Sample ID,66.52,2982.8,0.4,NA,5,Lake Ontario,North Hamlin,43.41666667,-77.91666667,Pisces,Lake trout,Composite whole fish homogenate,1,5,2013,<0.427,<0.238,<0.193,<0.216,<0.273,0.557,<0.299,0.719,69.161,1.473,1.581,1.743,0.656,1.536,0.243,<0.293
#7 Point et al (2021), 021819_BMP_LOLakeTrout20130713AC003   Sample ID,64.46,2682.4,0.4,NA,5,Lake Ontario,North Hamlin,43.41666667,-77.91666667,Pisces,Lake trout,Composite whole fish homogenate,1,5,2013,<0.427,<0.238,<0.193,<0.216,<0.273,0.405,<0.299,0.422,56.688,1.356,1.281,1.455,0.678,1.538,0.372,<0.293
#7 Point et al (2021), 021819_BMP_LOLakeTrout20130713AC004   Sample ID,59.8,2386.6,0.6,NA,4.8,Lake Ontario,North Hamlin,43.41666667,-77.91666667,Pisces,Lake trout,Composite whole fish homogenate,1,5,2013,<0.427,<0.238,<0.193,<0.216,<0.273,0.642,<0.299,0.774,75.368,1.703,2.156,2.090,0.930,2.172,0.411,<0.293
#7 Point et al (2021), 021819_BMP_LOLakeTrout20130713AC005   Sample ID,67.96,3500,1,NA,5,Lake Ontario,North Hamlin,43.41666667,-77.91666667,Pisces,Lake trout,Composite whole fish homogenate,1,5,2013,<0.427,<0.238,<0.193,<0.216,<0.273,0.784,<0.299,0.878,83.931,1.681,1.783,1.709,0.719,2.035,0.373,<0.293
#7 Point et al (2021), 092518_BMP_LOLT_2014_001   Sample ID,61.64,2440.8,0.2,NA,5,Lake Ontario,Oswego,43.58333333,-76.25,Pisces,Lake trout,Composite whole fish homogenate,1,5,2014,<0.427,<0.238,2379.202,<0.216,<0.273,0.407,0.460,0.601,59.241,1.468,1.167,1.397,0.619,0.955,0.371,<0.293
#7 Point et al (2021), 092518_BMP_LOLT_2014_002   Sample ID,61.26,2465,0.2,NA,4.6,Lake Ontario,Oswego,43.58333333,-76.25,Pisces,Lake trout,Composite whole fish homogenate,1,5,2014,<0.427,<0.238,64.482,<0.216,<0.273,0.647,2.224,1.198,95.012,1.924,2.681,2.791,1.120,1.561,0.568,<0.293
#7 Point et al (2021), 092518_BMP_LOLT_2014_003   Sample ID,67.22,3194.2,0.4,NA,5.6,Lake Ontario,Oswego,43.58333333,-76.25,Pisces,Lake trout,Composite whole fish homogenate,1,5,2014,<0.427,<0.238,94.018,<0.216,<0.273,0.779,1.075,0.964,91.515,1.780,2.150,2.113,0.834,1.094,0.334,<0.293
#7 Point et al (2021), 092518_BMP_LOLT_2014_004   Sample ID,67.52,3362.8,0.2,NA,5.6,Lake Ontario,Oswego,43.58333333,-76.25,Pisces,Lake trout,Composite whole fish homogenate,1,5,2014,<0.427,<0.238,65.014,<0.216,<0.273,0.504,0.399,0.591,62.079,1.320,1.442,1.424,0.538,0.712,0.208,<0.293
#7 Point et al (2021), 092518_BMP_LOLT_2014_005_dup_avg,67.86,3139.6,0,NA,6.4,Lake Ontario,Oswego,43.58333333,-76.25,Pisces,Lake trout,Composite whole fish homogenate,2,5,2014,<0.427,<0.238,73.685,<0.216,<0.273,0.613,0.576,0.764,90.088,1.812,1.848,1.741,0.746,1.075,0.293,<0.293
#7 Point et al (2021), 021617_LOLT_2015_001_R1   Sample ID,61.98,2615.2,0.4,NA,4.8,Lake Ontario,North Hamlin,43.41666667,-77.91666667,Pisces,Lake trout,Composite whole fish homogenate,1,5,2015,<0.427,<0.238,<0.193,<0.216,<0.273,0.474,<0.299,0.622,75.871,1.184,1.451,1.245,0.499,0.661,0.217,<0.293
#7 Point et al (2021), 021617_LOLT_2015_002_R1   Sample ID,61.88,2556,0.4,Adult (Sexually Mature),5,Lake Ontario,North Hamlin,43.41666667,-77.91666667,Pisces,Lake trout,Composite whole fish homogenate,1,5,2015,<0.427,<0.238,<0.193,<0.216,<0.273,0.424,<0.299,0.531,60.086,1.001,0.999,0.853,0.366,0.542,0.171,<0.293
#7 Point et al (2021), 021617_LOLT_2015_003_R1   Sample ID,65.58,3373.6,0.4,Adult (Sexually Mature),6.6,Lake Ontario,North Hamlin,43.41666667,-77.91666667,Pisces,Lake trout,Composite whole fish homogenate,1,5,2015,<0.427,<0.238,<0.193,<0.216,<0.273,0.477,<0.299,0.587,87.078,1.380,1.618,1.335,0.514,0.697,0.214,<0.293
#7 Point et al (2021), 110118_BMP_LOLakeTrout2015713AC004_dup_avg,65.48,3396.2,0.6,Adult (Sexually Mature),6.4,Lake Ontario,North Hamlin,43.41666667,-77.91666667,Pisces,Lake trout,Composite whole fish homogenate,2,5,2015,<0.427,<0.238,1.439,<0.216,<0.273,0.501,<0.299,0.498,55.137,0.993,0.988,0.854,0.341,0.477,0.157,<0.293
#7 Point et al (2021), 110118_BMP_LOLakeTrout2015713AC005   Sample ID,69.28,3604,0.8,Adult (Sexually Mature),6,Lake Ontario,North Hamlin,43.41666667,-77.91666667,Pisces,Lake trout,Composite whole fish homogenate,1,5,2015,<0.427,<0.238,<0.193,<0.216,<0.273,0.527,<0.299,0.492,52.912,1.053,1.036,0.983,0.351,0.597,0.193,<0.293
#7 Point et al (2021), 032819_BMP_LOLakeTrout20160623AC001   Sample ID,NA,NA,NA,NA,NA,Lake Ontario,Oswego,43.58333333,-76.25,Pisces,Lake trout,Composite whole fish homogenate,1,5,2016,<0.427,<0.238,<0.193,<0.216,<0.273,0.349,<0.299,0.736,63.330,1.095,1.662,1.426,0.557,0.812,0.283,<0.293
#7 Point et al (2021), 032819_BMP_LOLakeTrout20160623AC002   Sample ID,NA,NA,NA,NA,NA,Lake Ontario,Oswego,43.58333333,-76.25,Pisces,Lake trout,Composite whole fish homogenate,1,5,2016,<0.427,<0.238,<0.193,<0.216,<0.273,0.534,<0.299,0.816,67.466,1.098,1.441,1.259,0.474,0.846,0.272,<0.293
#7 Point et al (2021), 032819_BMP_LOLakeTrout20160623AC003   Sample ID,NA,NA,NA,NA,NA,Lake Ontario,Oswego,43.58333333,-76.25,Pisces,Lake trout,Composite whole fish homogenate,1,5,2016,<0.427,<0.238,<0.193,<0.216,<0.273,0.573,<0.299,0.659,67.551,1.193,1.537,1.336,0.563,0.811,0.267,<0.293
#7 Point et al (2021), 032819_BMP_LOLakeTrout20160623AC004   Sample ID,NA,NA,NA,NA,NA,Lake Ontario,Oswego,43.58333333,-76.25,Pisces,Lake trout,Composite whole fish homogenate,1,5,2016,<0.427,<0.238,<0.193,<0.216,<0.273,0.571,<0.299,0.748,71.251,1.260,1.723,1.556,0.660,0.945,0.384,<0.293
#7 Point et al (2021), 032819_BMP_LOLakeTrout20160623AC005   Sample ID,NA,NA,NA,NA,NA,Lake Ontario,Oswego,43.58333333,-76.25,Pisces,Lake trout,Composite whole fish homogenate,1,5,2016,<0.427,<0.238,<0.193,<0.216,<0.273,0.564,<0.299,0.683,59.583,1.188,1.573,1.336,0.643,0.930,0.336,<0.293
#7 Point et al (2021), 022417_LSLT_2005_001_R1   Sample ID,65.78,2165,0.4,NA,NA,Lake Superior,Keweenaw Point,47.41666667,-87.58333333,Pisces,Lake trout,Composite whole fish homogenate,1,5,2005,<0.427,<0.238,<0.193,<0.216,<0.273,0.075,<0.299,1.052,6.096,<0.144,0.683,1.811,0.489,1.604,0.197,<0.293
#7 Point et al (2021), 022417_LSLT_2005_002_R1   Sample ID,66.68,2300,0.2,NA,NA,Lake Superior,Keweenaw Point,47.41666667,-87.58333333,Pisces,Lake trout,Composite whole fish homogenate,1,5,2005,<0.427,<0.238,<0.193,<0.216,<0.273,<0.071,<0.299,0.339,3.512,<0.144,0.292,0.838,0.270,1.059,0.167,<0.293
#7 Point et al (2021), 022417_LSLT_2005_003_R1   Sample ID,64.68,2235,0.4,NA,NA,Lake Superior,Keweenaw Point,47.41666667,-87.58333333,Pisces,Lake trout,Composite whole fish homogenate,1,5,2005,<0.427,<0.238,<0.193,<0.216,<0.273,<0.071,<0.299,0.641,4.036,<0.144,0.387,1.037,0.305,1.530,0.177,<0.293
#7 Point et al (2021), 032817_LSLT_2005_004_R1   Sample ID,66.56,2435,0.4,NA,NA,Lake Superior,Keweenaw Point,47.41666667,-87.58333333,Pisces,Lake trout,Composite whole fish homogenate,1,5,2005,<0.427,<0.238,<0.193,<0.216,<0.273,<0.071,<0.299,0.566,4.994,<0.144,0.451,1.486,0.441,1.526,0.167,<0.293
#7 Point et al (2021), 021219_BMP_LSLakeTrout20051028005   Sample ID,63.8,2080,0.4,NA,NA,Lake Superior,Keweenaw Point,47.41666667,-87.58333333,Pisces,Lake trout,Composite whole fish homogenate,1,5,2005,<0.427,<0.238,<0.193,<0.216,<0.273,0.094,<0.299,0.588,4.064,<0.144,0.358,1.227,0.349,1.951,0.204,<0.293
#7 Point et al (2021), 020719_BMP_LSLakeTrout20061311001   Sample ID,74.06,3559,0.2,NA,7.6,Lake Superior,Apostle Island,46.91666667,-90.41666667,Pisces,Lake trout,Composite whole fish homogenate,1,5,2006,<0.427,<0.238,0.292,<0.216,<0.273,0.073,<0.299,0.883,6.965,0.178,0.899,2.656,0.713,3.045,0.526,<0.293
#7 Point et al (2021), 020719_BMP_LSLakeTrout20061311002   Sample ID,73.8,3579,0.6,NA,7.6,Lake Superior,Apostle Island,46.91666667,-90.41666667,Pisces,Lake trout,Composite whole fish homogenate,1,5,2006,<0.427,<0.238,<0.193,<0.216,<0.273,0.118,<0.299,1.522,9.375,0.243,1.287,3.890,0.971,3.132,0.529,<0.293
#7 Point et al (2021), 020719_BMP_LSLakeTrout20061311003   Sample ID,75.58,3691.2,0.6,NA,8,Lake Superior,Apostle Island,46.91666667,-90.41666667,Pisces,Lake trout,Composite whole fish homogenate,1,5,2006,<0.427,<0.238,<0.193,<0.216,<0.273,<0.071,<0.299,0.477,4.025,<0.144,0.493,1.249,0.390,2.020,0.334,<0.293
#7 Point et al (2021), 020719_BMP_LSLakeTrout20061311004   Sample ID,67.82,2930,0.2,NA,6.6,Lake Superior,Apostle Island,46.91666667,-90.41666667,Pisces,Lake trout,Composite whole fish homogenate,1,5,2006,<0.427,<0.238,<0.193,<0.216,<0.273,0.144,<0.299,1.708,10.877,0.265,1.323,4.346,1.126,3.689,0.597,<0.293
#7 Point et al (2021), 020719_BMP_LSLakeTrout20061311005   Sample ID,64.72,2438.6,0,NA,5.4,Lake Superior,Apostle Island,46.91666667,-90.41666667,Pisces,Lake trout,Composite whole fish homogenate,1,5,2006,<0.427,<0.238,<0.193,<0.216,<0.273,0.143,<0.299,1.877,10.978,0.261,1.442,4.048,1.030,2.955,0.467,<0.293
#7 Point et al (2021), 020719_BMP_LSLakeTrout20071028001_R1   Sample ID,62.94,2080,0,NA,7.8,Lake Superior,Keweenaw Point,47.41666667,-87.58333333,Pisces,Lake trout,Composite whole fish homogenate,1,5,2007,<0.427,<0.238,<0.193,<0.216,<0.273,0.106,<0.299,2.381,8.680,0.157,1.616,4.303,0.961,2.500,0.380,<0.293
#7 Point et al (2021), 020719_BMP_LSLakeTrout20071028002   Sample ID,63.76,2115,0,NA,9.8,Lake Superior,Keweenaw Point,47.41666667,-87.58333333,Pisces,Lake trout,Composite whole fish homogenate,1,5,2007,<0.427,<0.238,<0.193,<0.216,<0.273,0.114,<0.299,1.301,5.511,<0.144,0.923,2.400,0.615,1.793,0.229,<0.293
#7 Point et al (2021), 020719_BMP_LSLakeTrout20071028003   Sample ID,64.18,1980,0.2,NA,11,Lake Superior,Keweenaw Point,47.41666667,-87.58333333,Pisces,Lake trout,Composite whole fish homogenate,1,5,2007,<0.427,<0.238,<0.193,<0.216,<0.273,0.141,<0.299,1.456,5.996,<0.144,0.994,2.333,0.556,1.746,0.258,<0.293
#7 Point et al (2021), 020719_BMP_LSLakeTrout20071028004   Sample ID,66.3,2505,0.2,NA,12,Lake Superior,Keweenaw Point,47.41666667,-87.58333333,Pisces,Lake trout,Composite whole fish homogenate,1,5,2007,<0.427,<0.238,<0.193,<0.216,<0.273,0.111,<0.299,0.920,3.655,<0.144,0.603,1.411,0.341,1.197,0.151,<0.293
#7 Point et al (2021), 020719_BMP_LSLakeTrout20071028005   Sample ID,62.92,2050,0.2,NA,13,Lake Superior,Keweenaw Point,47.41666667,-87.58333333,Pisces,Lake trout,Composite whole fish homogenate,1,5,2007,<0.427,<0.238,<0.193,<0.216,<0.273,0.123,<0.299,1.710,6.380,<0.144,1.194,3.092,0.703,1.996,0.294,<0.293
#7 Point et al (2021), 021119_BMP_LSLakeTrout20081311001_R1   Sample ID,68.12,2500,0,NA,6.8,Lake Superior,Apostle Island,46.91666667,-90.41666667,Pisces,Lake trout,Composite whole fish homogenate,1,5,2008,<0.427,<0.238,<0.193,<0.216,<0.273,0.124,<0.299,2.603,13.059,0.289,1.931,5.387,1.337,4.947,0.648,<0.293
#7 Point et al (2021), 021119_BMP_LSLakeTrout20081311002   Sample ID,67.56,2541.4,0.2,NA,6.6,Lake Superior,Apostle Island,46.91666667,-90.41666667,Pisces,Lake trout,Composite whole fish homogenate,1,5,2008,<0.427,<0.238,<0.193,<0.216,<0.273,0.101,<0.299,1.827,10.042,0.260,1.609,5.256,1.266,4.803,0.545,<0.293
#7 Point et al (2021), 021119_BMP_LSLakeTrout20081311003   Sample ID,68.6,2661.2,0.2,NA,7,Lake Superior,Apostle Island,46.91666667,-90.41666667,Pisces,Lake trout,Composite whole fish homogenate,1,5,2008,<0.427,<0.238,<0.193,<0.216,<0.273,0.139,<0.299,2.904,11.949,0.245,1.987,5.210,1.202,4.474,0.458,<0.293
#7 Point et al (2021), 021119_BMP_LSLakeTrout20081311004   Sample ID,67.68,2694.2,0.2,NA,7,Lake Superior,Apostle Island,46.91666667,-90.41666667,Pisces,Lake trout,Composite whole fish homogenate,1,5,2008,<0.427,<0.238,<0.193,<0.216,<0.273,0.172,<0.299,2.940,18.032,0.374,2.730,8.291,1.973,7.417,0.741,<0.293
#7 Point et al (2021), 021119_BMP_LSLakeTrout20081311005   Sample ID,68.4,2720,0,NA,6.8,Lake Superior,Apostle Island,46.91666667,-90.41666667,Pisces,Lake trout,Composite whole fish homogenate,1,5,2008,<0.427,<0.238,<0.193,<0.216,<0.273,0.117,<0.299,1.750,10.156,0.242,1.358,3.999,1.150,5.182,0.650,<0.293
#7 Point et al (2021), 022417_LSLT_2009_001_R1   Sample ID,60.8584,1685,NA,NA,8.4,Lake Superior,Keweenaw Point,47.41666667,-87.58333333,Pisces,Lake trout,Composite whole fish homogenate,1,5,2009,<0.427,<0.238,<0.193,<0.216,<0.273,<0.071,<0.299,1.053,3.895,<0.144,0.672,1.394,0.369,1.488,0.187,<0.293
#7 Point et al (2021), 021119_BMP_LSLakeTrout20091028002   Sample ID,61.3664,1780,0.8,NA,9,Lake Superior,Keweenaw Point,47.41666667,-87.58333333,Pisces,Lake trout,Composite whole fish homogenate,1,5,2009,<0.427,<0.238,<0.193,<0.216,<0.273,0.075,<0.299,0.691,3.174,<0.144,0.475,1.125,0.292,1.100,0.217,<0.293
#7 Point et al (2021), 022417_LSLT_2009_003_R1   Sample ID,60.8076,1840,NA,NA,8.8,Lake Superior,Keweenaw Point,47.41666667,-87.58333333,Pisces,Lake trout,Composite whole fish homogenate,1,5,2009,<0.427,<0.238,<0.193,<0.216,<0.273,<0.071,<0.299,1.682,5.909,<0.144,0.974,2.278,0.548,1.931,0.208,<0.293
#7 Point et al (2021), 033117_LSLT_2009_004_dup_avg,61.214,1890,0,NA,9.6,Lake Superior,Keweenaw Point,47.41666667,-87.58333333,Pisces,Lake trout,Composite whole fish homogenate,2,5,2009,<0.427,<0.238,<0.193,<0.216,<0.273,0.087,<0.299,1.472,5.595,<0.144,1.113,2.606,0.697,2.774,0.369,<0.293
#7 Point et al (2021), 021119_BMP_LSLakeTrout20091028005   Sample ID,65.4812,2095,0.6,NA,10.6,Lake Superior,Keweenaw Point,47.41666667,-87.58333333,Pisces,Lake trout,Composite whole fish homogenate,1,5,2009,<0.427,<0.238,<0.193,<0.216,<0.273,0.076,<0.299,0.805,2.558,<0.144,0.542,1.143,0.296,1.177,0.195,<0.293
#7 Point et al (2021), 021219_BMP_LSLakeTrout20101311001_R1   Sample ID,70.9676,3116.2,0.6,NA,6,Lake Superior,Apostle Island,46.91666667,-90.41666667,Pisces,Lake trout,Composite whole fish homogenate,1,5,2010,<0.427,<0.238,<0.193,<0.216,<0.273,0.101,<0.299,1.835,8.795,0.200,1.325,4.166,1.055,3.493,0.426,<0.293
#7 Point et al (2021), 021219_BMP_LSLakeTrout20101311002   Sample ID,70.1548,2989.8,0.2,NA,5.6,Lake Superior,Apostle Island,46.91666667,-90.41666667,Pisces,Lake trout,Composite whole fish homogenate,1,5,2010,<0.427,<0.238,<0.193,<0.216,<0.273,0.078,<0.299,0.776,3.886,<0.144,0.543,1.396,0.427,2.071,0.264,<0.293
#7 Point et al (2021), 021219_BMP_LSLakeTrout20101311003   Sample ID,72.7456,2742,0.4,NA,5.6,Lake Superior,Apostle Island,46.91666667,-90.41666667,Pisces,Lake trout,Composite whole fish homogenate,1,5,2010,<0.427,<0.238,<0.193,<0.216,<0.273,<0.071,<0.299,0.819,4.642,<0.144,0.533,1.336,0.402,1.892,0.224,<0.293
#7 Point et al (2021), 021219_BMP_LSLakeTrout20101311004   Sample ID,74.3204,3716.4,0.2,NA,7,Lake Superior,Apostle Island,46.91666667,-90.41666667,Pisces,Lake trout,Composite whole fish homogenate,1,5,2010,<0.427,<0.238,<0.193,<0.216,<0.273,0.081,<0.299,1.047,6.126,0.170,0.803,2.126,0.633,3.165,0.389,<0.293
#7 Point et al (2021), 021219_BMP_LSLakeTrout20101311005   Sample ID,71.374,3126,0.4,NA,6.4,Lake Superior,Apostle Island,46.91666667,-90.41666667,Pisces,Lake trout,Composite whole fish homogenate,1,5,2010,<0.427,<0.238,<0.193,<0.216,<0.273,0.101,<0.299,1.463,6.910,0.163,1.058,3.081,0.763,2.895,0.311,<0.293
#7 Point et al (2021), 021219_BMP_LSLakeTrout20111026001_R1   Sample ID,55.8292,1470,0.6,NA,8.2,Lake Superior,Keweenaw Point,47.41666667,-87.58333333,Pisces,Lake trout,Composite whole fish homogenate,1,5,2011,<0.427,<0.238,<0.193,<0.216,<0.273,0.092,<0.299,1.906,6.312,0.144,1.224,2.978,0.805,3.156,0.294,<0.293
#7 Point et al (2021), 021219_BMP_LSLakeTrout20111026003   Sample ID,55.88,1490,0.6,NA,8.8,Lake Superior,Keweenaw Point,47.41666667,-87.58333333,Pisces,Lake trout,Composite whole fish homogenate,1,5,2011,<0.427,<0.238,<0.193,<0.216,<0.273,0.083,<0.299,2.412,6.773,0.144,1.509,3.459,0.941,3.466,0.334,<0.293
#7 Point et al (2021), 021219_BMP_LSLakeTrout20111026004   Sample ID,57.658,1570,0.6,NA,9,Lake Superior,Keweenaw Point,47.41666667,-87.58333333,Pisces,Lake trout,Composite whole fish homogenate,1,5,2011,<0.427,<0.238,<0.193,<0.216,<0.273,<0.071,<0.299,0.903,2.993,<0.144,0.532,1.257,0.409,1.967,0.201,<0.293
#7 Point et al (2021), 021219_BMP_LSLakeTrout20111026005   Sample ID,56.4388,1610,0.6,NA,9.4,Lake Superior,Keweenaw Point,47.41666667,-87.58333333,Pisces,Lake trout,Composite whole fish homogenate,1,5,2011,<0.427,<0.238,<0.193,<0.216,<0.273,0.091,<0.299,1.942,6.084,0.145,1.333,3.282,0.914,4.112,0.312,<0.293
#7 Point et al (2021), 021219_BMP_LSLakeTrout20111026006   Sample ID,57.4548,1700,0.8,NA,8.6,Lake Superior,Keweenaw Point,47.41666667,-87.58333333,Pisces,Lake trout,Composite whole fish homogenate,1,5,2011,<0.427,<0.238,<0.193,<0.216,<0.273,0.091,<0.299,1.518,5.484,<0.144,0.996,2.232,0.772,3.260,0.324,<0.293
#7 Point et al (2021), 021419_BMP_LSLakeTrout20121311001_R1   Sample ID,66.22,2361.6,0.2,NA,11,Lake Superior,Apostle Island,46.91666667,-90.41666667,Pisces,Lake trout,Composite whole fish homogenate,1,5,2012,<0.427,<0.238,<0.193,<0.216,<0.273,0.112,<0.299,1.758,8.337,0.189,1.237,3.492,1.034,4.282,0.565,<0.293
#7 Point et al (2021), 021419_BMP_LSLakeTrout20121311004   Sample ID,66.5,2639.4,0,NA,12.4,Lake Superior,Apostle Island,46.91666667,-90.41666667,Pisces,Lake trout,Composite whole fish homogenate,1,5,2012,<0.427,<0.238,<0.193,<0.216,<0.273,0.079,<0.299,1.036,5.067,0.150,0.743,1.739,0.530,2.474,0.466,<0.293
#7 Point et al (2021), 021419_BMP_LSLakeTrout20121311005   Sample ID,66.48,2450.6,0.6,NA,11.8,Lake Superior,Apostle Island,46.91666667,-90.41666667,Pisces,Lake trout,Composite whole fish homogenate,1,5,2012,<0.427,<0.238,<0.193,<0.216,<0.273,0.094,<0.299,1.184,5.666,0.162,0.903,2.011,0.571,2.386,0.452,<0.293
#7 Point et al (2021), 021419_BMP_LSLakeTrout20121311006   Sample ID,64.4,2348.6,0.2,NA,11,Lake Superior,Apostle Island,46.91666667,-90.41666667,Pisces,Lake trout,Composite whole fish homogenate,1,5,2012,<0.427,<0.238,<0.193,<0.216,<0.273,0.161,<0.299,2.807,14.089,0.266,2.113,6.105,1.621,7.186,0.823,<0.293
#7 Point et al (2021), 021419_BMP_LSLakeTrout20121311007   Sample ID,68.74,2954.6,0.6,NA,12.6,Lake Superior,Apostle Island,46.91666667,-90.41666667,Pisces,Lake trout,Composite whole fish homogenate,1,5,2012,<0.427,<0.238,<0.193,<0.216,<0.273,0.132,<0.299,2.798,11.540,0.217,2.108,6.285,1.658,6.293,0.775,<0.293
#7 Point et al (2021), 021419_BMP_LSLakeTrout20131028AC002   Sample ID,62.6872,2000,0.8,NA,7.8,Lake Superior,Keweenaw Point,47.41666667,-87.58333333,Pisces,Lake trout,Composite whole fish homogenate,1,5,2013,<0.427,<0.238,<0.193,<0.216,<0.273,0.094,<0.299,1.470,3.812,<0.144,0.982,2.035,0.558,1.666,0.346,<0.293
#7 Point et al (2021), 021419_BMP_LSLakeTrout20131028AC004   Sample ID,60.5536,1880,0,NA,7.8,Lake Superior,Keweenaw Point,47.41666667,-87.58333333,Pisces,Lake trout,Composite whole fish homogenate,1,5,2013,<0.427,<0.238,<0.193,<0.216,<0.273,0.092,<0.299,1.109,3.793,<0.144,0.704,1.682,0.535,1.889,0.359,<0.293
#7 Point et al (2021), 021419_BMP_LSLakeTrout20131028AC005   Sample ID,62.6364,1950,0.2,NA,8.6,Lake Superior,Keweenaw Point,47.41666667,-87.58333333,Pisces,Lake trout,Composite whole fish homogenate,1,5,2013,<0.427,<0.238,<0.193,<0.216,<0.273,0.107,<0.299,2.018,5.641,<0.144,1.151,2.448,0.614,2.095,0.376,<0.293
#7 Point et al (2021), 021419_BMP_LSLakeTrout20131028AC006   Sample ID,64.3128,1860,0,NA,8.2,Lake Superior,Keweenaw Point,47.41666667,-87.58333333,Pisces,Lake trout,Composite whole fish homogenate,1,5,2013,<0.427,<0.238,<0.193,<0.216,<0.273,0.114,<0.299,1.010,4.040,<0.144,0.774,1.817,0.497,1.874,0.367,<0.293
#7 Point et al (2021), 021419_BMP_LSLakeTrout20131028AC007_dup_avg,65.3288,2170,0.6,NA,8.2,Lake Superior,Keweenaw Point,47.41666667,-87.58333333,Pisces,Lake trout,Composite whole fish homogenate,2,5,2013,<0.427,<0.238,<0.193,<0.216,<0.273,0.092,<0.299,1.595,4.284,<0.144,1.042,1.942,0.525,1.879,0.379,<0.293
#7 Point et al (2021), 092518_BMP_LSLT_2014_001_R1   Sample ID,61.68,1964.8,0.2,NA,9.2,Lake Superior,Apostle Island,46.91666667,-90.41666667,Pisces,Lake trout,Composite whole fish homogenate,1,5,2014,<0.427,<0.238,232.778,<0.216,<0.273,0.130,0.321,2.647,7.440,0.152,1.315,2.505,0.668,1.995,0.288,<0.293
#7 Point et al (2021), 092518_BMP_LSLT_2014_002   Sample ID,64.04,2114.8,0.4,NA,9.8,Lake Superior,Apostle Island,46.91666667,-90.41666667,Pisces,Lake trout,Composite whole fish homogenate,1,5,2014,<0.427,<0.238,68.685,<0.216,<0.273,0.124,0.372,2.219,7.711,0.155,1.179,2.622,0.729,2.250,0.357,<0.293
#7 Point et al (2021), 092518_BMP_LSLT_2014_003   Sample ID,65.14,2174,0.2,NA,9.8,Lake Superior,Apostle Island,46.91666667,-90.41666667,Pisces,Lake trout,Composite whole fish homogenate,1,5,2014,<0.427,<0.238,65.146,<0.216,<0.273,0.115,0.327,2.423,6.989,0.147,1.277,2.390,0.655,2.275,0.311,<0.293
#7 Point et al (2021), 092518_BMP_LSLT_2014_004   Sample ID,61.58,1856.4,0,NA,10.4,Lake Superior,Apostle Island,46.91666667,-90.41666667,Pisces,Lake trout,Composite whole fish homogenate,1,5,2014,<0.427,<0.238,335.821,<0.216,<0.273,0.125,<0.299,3.530,10.871,0.172,1.781,3.608,0.906,2.843,0.406,<0.293
#7 Point et al (2021), 092518_BMP_LSLT_2014_005   Sample ID,69.22,2806,0.2,NA,9.4,Lake Superior,Apostle Island,46.91666667,-90.41666667,Pisces,Lake trout,Composite whole fish homogenate,1,5,2014,<0.427,<0.238,67.403,<0.216,<0.273,0.129,0.355,4.345,10.661,0.178,2.003,4.119,1.034,3.004,0.452,<0.293
#7 Point et al (2021), 022417_LSLT2015_001_R1   Sample ID,59.44,1721.2,0.2,Adult (Sexually Mature),8.2,Lake Superior,Keweenaw Point,47.41666667,-87.58333333,Pisces,Lake trout,Composite whole fish homogenate,1,5,2015,<0.427,<0.238,<0.193,<0.216,<0.273,<0.071,<0.299,0.980,3.856,<0.144,0.580,1.136,0.345,1.123,0.154,<0.293
#7 Point et al (2021), 022417_LSLT_2015_002_R1   Sample ID,60.36,1982.6,0,Adult (Sexually Mature),9.8,Lake Superior,Keweenaw Point,47.41666667,-87.58333333,Pisces,Lake trout,Composite whole fish homogenate,1,5,2015,<0.427,<0.238,<0.193,<0.216,<0.273,<0.071,<0.299,1.858,5.814,<0.144,1.097,2.029,0.540,1.681,0.191,<0.293
#7 Point et al (2021), 022417_LSLT_2015_003_R1   Sample ID,62.22,2230,0.2,Adult (Sexually Mature),9.6,Lake Superior,Keweenaw Point,47.41666667,-87.58333333,Pisces,Lake trout,Composite whole fish homogenate,1,5,2015,<0.427,<0.238,<0.193,<0.216,<0.273,<0.071,<0.299,1.317,5.114,<0.144,0.804,1.570,0.443,1.409,0.161,<0.293
#7 Point et al (2021), 032817_LSLT_2015_004_R1   Sample ID,62.64,2110,0.2,Adult (Sexually Mature),8.8,Lake Superior,Keweenaw Point,47.41666667,-87.58333333,Pisces,Lake trout,Composite whole fish homogenate,1,5,2015,<0.427,<0.238,<0.193,<0.216,<0.273,<0.071,<0.299,2.116,6.710,<0.144,1.306,2.410,0.631,1.825,0.267,<0.293
#7 Point et al (2021), 021219_BMP_LSLakeTrout20151225AC005   Sample ID,63.36,2405,0.4,Adult (Sexually Mature),10.8,Lake Superior,Keweenaw Point,47.41666667,-87.58333333,Pisces,Lake trout,Composite whole fish homogenate,1,5,2015,<0.427,<0.238,<0.193,<0.216,<0.273,0.107,<0.299,2.046,6.879,<0.144,1.298,2.840,0.809,2.917,0.298,<0.293
#7 Point et al (2021), 032619_BMP_LSLakeTrout20161311AC001   Sample ID,NA,NA,NA,NA,NA,Lake Superior,Apostle Island,46.91666667,-90.41666667,Pisces,Lake trout,Composite whole fish homogenate,1,5,2016,<0.427,<0.238,<0.193,<0.216,<0.273,0.118,<0.299,1.082,5.336,<0.144,0.592,1.336,0.381,1.209,0.178,<0.293
#7 Point et al (2021), 032619_BMP_LSLakeTrout20161311AC002   Sample ID,NA,NA,NA,NA,NA,Lake Superior,Apostle Island,46.91666667,-90.41666667,Pisces,Lake trout,Composite whole fish homogenate,1,5,2016,<0.427,<0.238,<0.193,<0.216,<0.273,0.129,<0.299,1.666,7.252,<0.144,0.909,1.658,0.459,1.392,0.233,<0.293
#7 Point et al (2021), 032819_BMP_LSLakeTrout20161311AC003   Sample ID,NA,NA,NA,NA,NA,Lake Superior,Apostle Island,46.91666667,-90.41666667,Pisces,Lake trout,Composite whole fish homogenate,1,5,2016,<0.427,<0.238,<0.193,<0.216,<0.273,0.135,<0.299,1.538,6.167,<0.144,0.862,2.002,0.558,1.740,0.253,<0.293
#7 Point et al (2021), 032819_BMP_LSLakeTrout20161311AC004   Sample ID,NA,NA,NA,NA,NA,Lake Superior,Apostle Island,46.91666667,-90.41666667,Pisces,Lake trout,Composite whole fish homogenate,1,5,2016,<0.427,<0.238,<0.193,<0.216,<0.273,0.119,<0.299,0.918,4.649,<0.144,0.575,1.224,0.433,1.440,0.201,<0.293
#7 Point et al (2021), 032819_BMP_LSLakeTrout20161311AC005   Sample ID,NA,NA,NA,NA,NA,Lake Superior,Apostle Island,46.91666667,-90.41666667,Pisces,Lake trout,Composite whole fish homogenate,1,5,2016,<0.427,<0.238,<0.193,<0.216,<0.273,0.138,<0.299,1.109,5.657,<0.144,0.642,1.453,0.459,1.483,0.313,<0.293
#7 Point et al (2021), 030117_LHLT_2005_001_R1   Sample ID,61.38,2208.8,0.2,NA,5.2,Lake Huron,Port Austin,44.08333333,-82.75,Pisces,Lake trout,Composite whole fish homogenate,1,5,2005,<0.427,<0.238,<0.193,<0.216,<0.273,0.417,<0.299,2.461,29.226,0.431,1.864,3.891,1.012,3.701,0.548,<0.293
#7 Point et al (2021), 030117_LHLT_2005_002_R1   Sample ID,60.78,2017.6,0.2,NA,5.2,Lake Huron,Port Austin,44.08333333,-82.75,Pisces,Lake trout,Composite whole fish homogenate,1,5,2005,<0.427,<0.238,<0.193,<0.216,<0.273,0.527,<0.299,5.613,47.007,0.656,3.622,7.399,1.537,5.481,0.640,<0.293
#7 Point et al (2021), 030117_LHLT_2005_003_R1   Sample ID,60.18,1946.8,0.6,NA,5,Lake Huron,Port Austin,44.08333333,-82.75,Pisces,Lake trout,Composite whole fish homogenate,1,5,2005,<0.427,<0.238,<0.193,<0.216,<0.273,0.414,<0.299,3.250,34.105,0.486,1.926,3.623,0.851,3.742,0.466,<0.293
#7 Point et al (2021), 021219_BMP_LHLakeTrout20051410004   Sample ID,61.6,1960.8,0.6,NA,4.8,Lake Huron,Port Austin,44.08333333,-82.75,Pisces,Lake trout,Composite whole fish homogenate,1,5,2005,<0.427,<0.238,<0.193,<0.216,<0.273,0.361,<0.299,1.728,24.061,0.780,1.225,3.423,0.856,3.113,0.394,<0.293
#7 Point et al (2021), 032817_LHLT_2005_005_R1   Sample ID,62.98,2274,0.6,NA,5.2,Lake Huron,Port Austin,44.08333333,-82.75,Pisces,Lake trout,Composite whole fish homogenate,1,5,2005,<0.427,<0.238,<0.193,<0.216,<0.273,0.363,<0.299,1.449,22.576,0.433,1.371,3.186,0.805,2.806,0.395,<0.293
#7 Point et al (2021), 020719_BMP_LHLakeTrout20060710001_R1   Sample ID,66.74,2786,0.6,NA,6.4,Lake Huron,Rockport,45.25,-83.01666667,Pisces,Lake trout,Composite whole fish homogenate,1,5,2006,<0.427,<0.238,<0.193,<0.216,<0.273,1.215,<0.299,16.832,137.168,1.390,14.451,31.891,4.945,9.681,1.177,<0.293
#7 Point et al (2021), 020719_BMP_LHLakeTrout20060710002   Sample ID,65.16,2368,0.6,NA,6.2,Lake Huron,Rockport,45.25,-83.01666667,Pisces,Lake trout,Composite whole fish homogenate,1,5,2006,<0.427,<0.238,<0.193,<0.216,<0.273,0.510,<0.299,3.451,40.698,0.545,2.745,6.232,1.395,4.435,0.697,<0.293
#7 Point et al (2021), 020719_BMP_LHLakeTrout20060710003   Sample ID,68.08,2744,0.6,NA,6.2,Lake Huron,Rockport,45.25,-83.01666667,Pisces,Lake trout,Composite whole fish homogenate,1,5,2006,<0.427,<0.238,<0.193,<0.216,<0.273,0.376,<0.299,1.922,21.939,0.417,1.587,3.796,0.892,2.781,0.466,<0.293
#7 Point et al (2021), 020719_BMP_LHLakeTrout20060710004   Sample ID,70.96,3030,0.6,NA,7.4,Lake Huron,Rockport,45.25,-83.01666667,Pisces,Lake trout,Composite whole fish homogenate,1,5,2006,<0.427,<0.238,<0.193,<0.216,<0.273,0.640,<0.299,3.723,38.329,0.750,3.057,6.325,1.204,3.091,0.505,<0.293
#7 Point et al (2021), 020719_BMP_LHLakeTrout20060710005   Sample ID,66.62,2764,0,NA,6.6,Lake Huron,Rockport,45.25,-83.01666667,Pisces,Lake trout,Composite whole fish homogenate,1,5,2006,<0.427,<0.238,<0.193,<0.216,<0.273,1.065,<0.299,11.908,104.906,0.948,10.650,27.346,4.193,8.906,1.182,<0.293
#7 Point et al (2021), 021119_BMP_LHLakeTrout20071413001_R1   Sample ID,61.54,2002,0.4,NA,7.8,Lake Huron,Port Austin,44.08333333,-82.75,Pisces,Lake trout,Composite whole fish homogenate,1,5,2007,<0.427,<0.238,<0.193,<0.216,<0.273,0.642,<0.299,11.449,141.974,1.404,12.636,34.287,5.622,12.659,1.678,<0.293
#7 Point et al (2021), 021119_BMP_LHLakeTrout20071413002   Sample ID,61.9,1864,0,NA,7.2,Lake Huron,Port Austin,44.08333333,-82.75,Pisces,Lake trout,Composite whole fish homogenate,1,5,2007,<0.427,<0.238,<0.193,<0.216,<0.273,0.178,<0.299,0.631,12.977,0.489,0.667,1.715,0.622,2.711,0.480,<0.293
#7 Point et al (2021), 021119_BMP_LHLakeTrout20071413003   Sample ID,61.6,2220,0.4,NA,7.8,Lake Huron,Port Austin,44.08333333,-82.75,Pisces,Lake trout,Composite whole fish homogenate,1,5,2007,<0.427,<0.238,<0.193,<0.216,<0.273,1.453,0.385,19.438,148.892,1.410,15.235,34.612,5.402,13.081,1.576,<0.293
#7 Point et al (2021), 021119_BMP_LHLakeTrout20071413004   Sample ID,62.36,2198,0.4,NA,6.6,Lake Huron,Port Austin,44.08333333,-82.75,Pisces,Lake trout,Composite whole fish homogenate,1,5,2007,<0.427,<0.238,<0.193,<0.216,<0.273,0.347,<0.299,1.654,29.132,0.640,1.867,4.134,1.245,4.872,0.853,<0.293
#7 Point et al (2021), 021119_BMP_LHLakeTrout20071413005   Sample ID,60.3,2078,0,NA,7.2,Lake Huron,Port Austin,44.08333333,-82.75,Pisces,Lake trout,Composite whole fish homogenate,1,5,2007,<0.427,<0.238,<0.193,<0.216,<0.273,0.266,<0.299,1.200,25.215,1.011,1.594,4.335,1.208,4.781,0.763,<0.293
#7 Point et al (2021), 021119_BMP_LHLT20080307001_R1   Sample ID,66.22,2682,0.2,NA,6.4,Lake Huron,Rockport,45.25,-83.01666667,Pisces,Lake trout,Composite whole fish homogenate,1,5,2008,<0.427,<0.238,<0.193,<0.216,<0.273,0.413,<0.299,2.591,25.908,0.762,1.854,4.307,0.963,2.951,0.462,<0.293
#7 Point et al (2021), 021119_BMP_LHLT20080307002   Sample ID,62.18,2300,0.4,NA,6,Lake Huron,Rockport,45.25,-83.01666667,Pisces,Lake trout,Composite whole fish homogenate,1,5,2008,<0.427,<0.238,<0.193,<0.216,<0.273,0.356,<0.299,3.516,25.081,0.396,2.578,6.959,1.638,5.383,0.679,<0.293
#7 Point et al (2021), 021119_BMP_LHLT20080307003   Sample ID,65.2,2638,0.2,NA,6.2,Lake Huron,Rockport,45.25,-83.01666667,Pisces,Lake trout,Composite whole fish homogenate,1,5,2008,<0.427,<0.238,<0.193,<0.216,<0.273,0.619,<0.299,7.279,49.994,0.811,5.696,13.625,2.498,6.572,0.795,<0.293
#7 Point et al (2021), 021119_BMP_LHLT20080307004   Sample ID,65.22,2608,0.4,NA,6.6,Lake Huron,Rockport,45.25,-83.01666667,Pisces,Lake trout,Composite whole fish homogenate,1,5,2008,<0.427,<0.238,<0.193,<0.216,<0.273,0.891,0.408,13.429,66.935,0.708,9.597,18.943,2.849,7.164,0.783,<0.293
#7 Point et al (2021), 021119_BMP_LHLT20080307005   Sample ID,63.92,2404,0.6,NA,6,Lake Huron,Rockport,45.25,-83.01666667,Pisces,Lake trout,Composite whole fish homogenate,1,5,2008,<0.427,<0.238,<0.193,<0.216,<0.273,0.227,<0.299,0.699,16.905,0.787,1.276,3.759,1.066,4.519,0.699,<0.293
#7 Point et al (2021), 031517_LHLT_2009_001_dup_avg,62.24,2354.4,0.8,NA,9.2,Lake Huron,Port Austin,44.08333333,-82.75,Pisces,Lake trout,Composite whole fish homogenate,2,5,2009,<0.427,<0.238,<0.193,<0.216,<0.273,0.228,<0.299,1.084,15.159,0.186,1.286,2.411,0.641,2.330,0.314,<0.293
#7 Point et al (2021), 030117_LHLT_2009_002_R1   Sample ID,63.84,2371.2,NA,NA,8.2,Lake Huron,Port Austin,44.08333333,-82.75,Pisces,Lake trout,Composite whole fish homogenate,1,5,2009,<0.427,<0.238,<0.193,<0.216,<0.273,0.256,<0.299,1.187,28.490,0.357,1.756,3.321,0.983,4.150,0.585,<0.293
#7 Point et al (2021), 030117_LHLT_2009_003_R1   Sample ID,65,2430.4,NA,NA,9.2,Lake Huron,Port Austin,44.08333333,-82.75,Pisces,Lake trout,Composite whole fish homogenate,1,5,2009,<0.427,<0.238,<0.193,<0.216,<0.273,0.460,<0.299,1.737,35.473,0.571,2.322,3.824,0.914,3.757,0.463,<0.293
#7 Point et al (2021), 032817_LHLT_2009_004_R1   Sample ID,60.42,1970.8,0.4,NA,7.8,Lake Huron,Port Austin,44.08333333,-82.75,Pisces,Lake trout,Composite whole fish homogenate,1,5,2009,<0.427,<0.238,<0.193,<0.216,<0.273,0.383,<0.299,2.803,29.147,0.257,2.043,3.164,0.842,3.205,0.465,<0.293
#7 Point et al (2021), 021119_BMP_LHLakeTrout20091413005_dup_avg,63.9,2426.8,0.2,NA,9.6,Lake Huron,Port Austin,44.08333333,-82.75,Pisces,Lake trout,Composite whole fish homogenate,2,5,2009,<0.427,<0.238,<0.193,<0.216,<0.273,0.245,<0.299,1.150,19.189,0.563,1.158,2.775,0.796,2.570,0.487,<0.293
#7 Point et al (2021), 021219_BMP_LHLakeTrout20100710003_dup_avg,50.64,1202,0,NA,3.2,Lake Huron,Rockport,45.25,-83.01666667,Pisces,Lake trout,Composite whole fish homogenate,2,5,2010,<0.427,<0.238,<0.193,<0.216,<0.273,0.244,<0.299,1.421,18.661,0.388,1.685,3.870,1.090,4.580,0.482,<0.293
#7 Point et al (2021), 021219_BMP_LHLakeTrout20100710004   Sample ID,63.52,2534,0.6,NA,4.8,Lake Huron,Rockport,45.25,-83.01666667,Pisces,Lake trout,Composite whole fish homogenate,1,5,2010,<0.427,<0.238,<0.193,<0.216,<0.273,0.888,0.431,5.221,45.634,0.733,3.636,8.061,1.704,6.055,0.595,<0.293
#7 Point et al (2021), 021219_BMP_LHLakeTrout20100710005   Sample ID,70.22,3428,0.2,NA,6.2,Lake Huron,Rockport,45.25,-83.01666667,Pisces,Lake trout,Composite whole fish homogenate,1,5,2010,<0.427,<0.238,<0.193,<0.216,<0.273,0.557,0.305,5.003,41.341,0.781,3.575,8.451,1.653,5.533,0.512,<0.293
#7 Point et al (2021), 021219_BMP_LHLakeTrout20100710006   Sample ID,68.74,3144,0.4,NA,5.6,Lake Huron,Rockport,45.25,-83.01666667,Pisces,Lake trout,Composite whole fish homogenate,1,5,2010,<0.427,<0.238,<0.193,<0.216,<0.273,1.396,0.780,18.268,87.208,0.928,13.266,27.468,4.575,12.986,1.060,<0.293
#7 Point et al (2021), 021219_BMP_LHLakeTrout20100710007   Sample ID,63.58,2600,0.5,NA,4.6,Lake Huron,Rockport,45.25,-83.01666667,Pisces,Lake trout,Composite whole fish homogenate,1,5,2010,<0.427,<0.238,<0.193,<0.216,<0.273,0.358,<0.299,1.249,25.253,0.795,1.537,3.948,1.118,3.512,0.533,<0.293
#7 Point et al (2021), 021419_BMP_LHLakeTrout20111412001   Sample ID,67.6,3096.4,0.6,NA,13,Lake Huron,Port Austin,44.08333333,-82.75,Pisces,Lake trout,Composite whole fish homogenate,1,5,2011,<0.427,<0.238,<0.193,<0.216,<0.273,0.555,<0.299,3.790,36.824,0.881,2.715,5.050,1.207,4.812,0.740,<0.293
#7 Point et al (2021), 021419_BMP_LHLakeTrout20111412002   Sample ID,70.7,3256.2,0.4,NA,12,Lake Huron,Port Austin,44.08333333,-82.75,Pisces,Lake trout,Composite whole fish homogenate,1,5,2011,<0.427,<0.238,<0.193,<0.216,<0.273,0.520,<0.299,2.580,34.934,0.756,2.051,3.648,1.059,5.558,0.756,<0.293
#7 Point et al (2021), 021419_BMP_LHLakeTrout20111412003   Sample ID,71.4,3402,0.8,NA,12.8,Lake Huron,Port Austin,44.08333333,-82.75,Pisces,Lake trout,Composite whole fish homogenate,1,5,2011,<0.427,<0.238,<0.193,<0.216,<0.273,0.443,<0.299,2.066,31.577,0.940,2.128,4.039,1.080,4.575,0.660,<0.293
#7 Point et al (2021), 021419_BMP_LHLakeTrout20111412004   Sample ID,73.6,3707.6,0.2,NA,12.6,Lake Huron,Port Austin,44.08333333,-82.75,Pisces,Lake trout,Composite whole fish homogenate,1,5,2011,<0.427,<0.238,<0.193,<0.216,<0.273,0.457,<0.299,2.399,30.578,0.889,2.451,5.127,1.329,5.748,0.734,<0.293
#7 Point et al (2021), 021419_BMP_LHLakeTrout20111412005   Sample ID,73,3751,0,NA,12.4,Lake Huron,Port Austin,44.08333333,-82.75,Pisces,Lake trout,Composite whole fish homogenate,1,5,2011,<0.427,<0.238,<0.193,<0.216,<0.273,0.440,<0.299,2.417,29.454,0.803,1.821,3.159,0.855,3.867,0.622,<0.293
#7 Point et al (2021), 021419_BMP_LHLakeTrout2012307001   Sample ID,65.8,2912,0.4,NA,8.6,Lake Huron,Rockport,45.25,-83.01666667,Pisces,Lake trout,Composite whole fish homogenate,1,5,2012,<0.427,<0.238,<0.193,<0.216,<0.273,0.359,<0.299,1.910,22.235,0.622,2.199,4.731,1.305,4.915,0.762,<0.293
#7 Point et al (2021), 021419_BMP_LHLakeTrout2012307002   Sample ID,67.02,3044.4,0.8,NA,8.8,Lake Huron,Rockport,45.25,-83.01666667,Pisces,Lake trout,Composite whole fish homogenate,1,5,2012,<0.427,<0.238,<0.193,<0.216,<0.273,0.280,<0.299,1.059,13.695,0.341,0.893,1.506,0.517,1.725,0.429,<0.293
#7 Point et al (2021), 021419_BMP_LHLakeTrout2012307003   Sample ID,65.48,2684.4,0.6,NA,10.2,Lake Huron,Rockport,45.25,-83.01666667,Pisces,Lake trout,Composite whole fish homogenate,1,5,2012,<0.427,<0.238,<0.193,<0.216,<0.273,0.540,<0.299,3.154,26.475,0.627,2.657,4.844,1.281,4.260,0.662,<0.293
#7 Point et al (2021), 021419_BMP_LHLakeTrout2012307004   Sample ID,68.12,3214.8,0.2,NA,8.6,Lake Huron,Rockport,45.25,-83.01666667,Pisces,Lake trout,Composite whole fish homogenate,1,5,2012,<0.427,<0.238,<0.193,<0.216,<0.273,0.518,0.433,4.918,24.380,0.425,2.761,5.989,1.359,3.755,0.663,<0.293
#7 Point et al (2021), 021419_BMP_LHLakeTrout2012307009   Sample ID,66.34,2763.2,0.8,NA,9.8,Lake Huron,Rockport,45.25,-83.01666667,Pisces,Lake trout,Composite whole fish homogenate,1,5,2012,<0.427,<0.238,<0.193,<0.216,<0.273,0.362,<0.299,1.824,19.135,0.370,1.606,2.522,0.681,2.623,0.521,<0.293
#7 Point et al (2021), 021819_BMP_LHLakeTrout20131413AC003_R1   Sample ID,66.56,3068,0.2,NA,11.4,Lake Huron,Port Austin,44.08333333,-82.75,Pisces,Lake trout,Composite whole fish homogenate,1,5,2013,<0.427,<0.238,<0.193,<0.216,<0.273,0.417,<0.299,1.989,33.564,0.707,2.079,3.601,0.941,4.701,0.477,<0.293
#7 Point et al (2021), 021819_BMP_LHLakeTrout20131413AC004   Sample ID,66.74,3086.4,0.6,NA,12,Lake Huron,Port Austin,44.08333333,-82.75,Pisces,Lake trout,Composite whole fish homogenate,1,5,2013,<0.427,<0.238,<0.193,<0.216,<0.273,0.299,<0.299,1.585,30.066,0.415,1.651,2.324,0.656,3.386,0.448,<0.293
#7 Point et al (2021), 021819_BMP_LHLakeTrout20131413AC005   Sample ID,69.82,3732,0.6,NA,11,Lake Huron,Port Austin,44.08333333,-82.75,Pisces,Lake trout,Composite whole fish homogenate,1,5,2013,<0.427,<0.238,<0.193,<0.216,<0.273,0.503,<0.299,2.566,47.513,0.784,2.624,3.788,1.147,6.486,0.784,<0.293
#7 Point et al (2021), 021819_BMP_LHLakeTrout20131413AC007   Sample ID,67.52,3157.6,0.4,NA,11.6,Lake Huron,Port Austin,44.08333333,-82.75,Pisces,Lake trout,Composite whole fish homogenate,1,5,2013,<0.427,<0.238,<0.193,<0.216,<0.273,0.362,<0.299,1.860,31.317,0.733,1.506,2.683,0.765,3.753,0.436,<0.293
#7 Point et al (2021), 021819_BMP_LHLakeTrout20131413AC008   Sample ID,70.94,3856,0.4,NA,12.6,Lake Huron,Port Austin,44.08333333,-82.75,Pisces,Lake trout,Composite whole fish homogenate,1,5,2013,<0.427,<0.238,<0.193,<0.216,<0.273,0.401,<0.299,1.938,47.774,1.055,2.748,5.423,1.611,7.361,0.826,<0.293
#7 Point et al (2021), 092418_LHLT_2014_001   Sample ID,64.52,2507.4,0,NA,9,Lake Huron,Rockport,45.25,-83.01666667,Pisces,Lake trout,Composite whole fish homogenate,1,5,2014,<0.427,<0.238,96.629,<0.216,<0.273,0.263,<0.299,1.018,13.671,<0.144,1.447,2.853,0.882,2.267,0.484,<0.293
#7 Point et al (2021), 092418_LHLT_2014_002   Sample ID,64.76,2454,0,NA,10,Lake Huron,Rockport,45.25,-83.01666667,Pisces,Lake trout,Composite whole fish homogenate,1,5,2014,<0.427,<0.238,68.749,<0.216,<0.273,0.265,<0.299,1.365,21.817,<0.144,2.583,4.621,1.274,3.150,0.632,<0.293
#7 Point et al (2021), 092418_LHLT_2014_003   Sample ID,64.68,2764.8,0.4,NA,9.6,Lake Huron,Rockport,45.25,-83.01666667,Pisces,Lake trout,Composite whole fish homogenate,1,5,2014,<0.427,<0.238,64.768,<0.216,<0.273,0.288,<0.299,1.021,17.496,<0.144,1.819,3.583,0.956,2.431,0.473,<0.293
#7 Point et al (2021), 092418_LHLT_2014_004   Sample ID,65.7,2861.2,0,NA,9.2,Lake Huron,Rockport,45.25,-83.01666667,Pisces,Lake trout,Composite whole fish homogenate,1,5,2014,<0.427,<0.238,67.720,<0.216,<0.273,0.213,<0.299,1.049,15.886,<0.144,1.628,3.138,1.022,2.927,0.563,<0.293
#7 Point et al (2021), 092418_LHLT_2014_005   Sample ID,65.24,2553.6,0.2,NA,10.8,Lake Huron,Rockport,45.25,-83.01666667,Pisces,Lake trout,Composite whole fish homogenate,1,5,2014,<0.427,<0.238,68.512,<0.216,<0.273,0.294,<0.299,1.298,17.233,<0.144,1.465,2.711,0.841,2.461,0.449,<0.293
#7 Point et al (2021), 030117_LHLT_2015_001_R1   Sample ID,63.1,2173.6,NA,Adult (Sexually Mature),8.2,Lake Huron,Port Austin,44.08333333,-82.75,Pisces,Lake trout,Composite whole fish homogenate,1,5,2015,<0.427,<0.238,<0.193,<0.216,<0.273,0.221,<0.299,0.868,21.244,0.293,1.715,2.625,0.819,2.271,0.423,<0.293
#7 Point et al (2021), 030117_LHLT_2015_002_R1   Sample ID,62.34,2082.4,NA,Adult (Sexually Mature),9.2,Lake Huron,Port Austin,44.08333333,-82.75,Pisces,Lake trout,Composite whole fish homogenate,1,5,2015,<0.427,<0.238,<0.193,<0.216,<0.273,0.213,<0.299,0.827,22.971,0.291,1.848,2.844,0.835,2.234,0.388,<0.293
#7 Point et al (2021), 030117_LHLT_2015_003_R1   Sample ID,63.2,2071.6,NA,Adult (Sexually Mature),9.2,Lake Huron,Port Austin,44.08333333,-82.75,Pisces,Lake trout,Composite whole fish homogenate,1,5,2015,<0.427,<0.238,<0.193,<0.216,<0.273,0.342,<0.299,1.982,24.298,0.204,2.161,2.987,0.836,2.252,0.335,<0.293
#7 Point et al (2021), 032817_LHLT_2015_004_R1   Sample ID,64.1,2346.4,NA,Adult (Sexually Mature),9,Lake Huron,Port Austin,44.08333333,-82.75,Pisces,Lake trout,Composite whole fish homogenate,1,5,2015,<0.427,<0.238,<0.193,<0.216,<0.273,0.657,<0.299,3.237,27.194,0.157,2.223,3.083,0.757,2.057,0.372,<0.293
#7 Point et al (2021), 110118_BMP_LHLakeTrout20151411AC005   Sample ID,71.46,3392,NA,Adult (Sexually Mature),11.2,Lake Huron,Port Austin,44.08333333,-82.75,Pisces,Lake trout,Composite whole fish homogenate,1,5,2015,<0.427,<0.238,13.289,<0.216,<0.273,0.312,<0.299,1.005,31.187,0.433,1.923,2.928,0.849,2.131,0.468,<0.293
#7 Point et al (2021), 032619_BMP_LHLakeTrout20160709AC001   Sample ID,NA,NA,NA,NA,NA,Lake Huron,Rockport,45.25,-83.01666667,Pisces,Lake trout,Composite whole fish homogenate,1,5,2016,<0.427,<0.238,<0.193,<0.216,<0.273,0.244,<0.299,1.724,21.988,0.641,2.434,4.166,1.175,2.602,0.572,<0.293
#7 Point et al (2021), 032619_BMP_LHLakeTrout20160709AC002   Sample ID,NA,NA,NA,NA,NA,Lake Huron,Rockport,45.25,-83.01666667,Pisces,Lake trout,Composite whole fish homogenate,1,5,2016,<0.427,<0.238,<0.193,<0.216,<0.273,0.346,<0.299,1.367,18.336,0.398,1.322,2.426,0.638,1.577,0.285,<0.293
#7 Point et al (2021), 032619_BMP_LHLakeTrout20160709AC003   Sample ID,NA,NA,NA,NA,NA,Lake Huron,Rockport,45.25,-83.01666667,Pisces,Lake trout,Composite whole fish homogenate,1,5,2016,<0.427,<0.238,<0.193,<0.216,<0.273,0.203,<0.299,0.557,14.021,0.346,1.250,2.342,0.783,2.003,0.414,<0.293
#7 Point et al (2021), 032619_BMP_LHLakeTrout20160709AC004   Sample ID,NA,NA,NA,NA,NA,Lake Huron,Rockport,45.25,-83.01666667,Pisces,Lake trout,Composite whole fish homogenate,1,5,2016,<0.427,<0.238,<0.193,<0.216,<0.273,0.386,<0.299,3.822,30.410,0.401,4.022,6.709,1.444,2.756,0.548,<0.293
#7 Point et al (2021), 032619_BMP_LHLakeTrout20160709AC005_reinject   Sample ID,NA,NA,NA,NA,NA,Lake Huron,Rockport,45.25,-83.01666667,Pisces,Lake trout,Composite whole fish homogenate,1,5,2016,<0.427,<0.238,<0.193,<0.216,<0.273,0.281,<0.299,1.374,16.140,0.329,1.824,3.519,0.876,2.033,0.345,<0.293
#7 Point et al (2021), 030317_LMLT_2005_002_Dup_avg,65,2776,0.2,NA,4,Lake Michigan,Sturgeon Bay,44.75,-87.08333333,Pisces,Lake trout,Composite whole fish homogenate,2,5,2005,<0.427,<0.238,<0.193,<0.216,<0.273,0.546,0.383,2.846,51.047,0.689,2.402,4.013,0.848,2.407,0.305,<0.293
#7 Point et al (2021), 031517_LMLT_2005_003_dup_avg,68.76,2908,0.6,NA,5,Lake Michigan,Sturgeon Bay,44.75,-87.08333333,Pisces,Lake trout,Composite whole fish homogenate,2,5,2005,<0.427,<0.238,<0.193,<0.216,<0.273,0.199,<0.299,1.275,22.463,0.194,0.962,1.274,0.261,0.663,<0.107,<0.293
#7 Point et al (2021), 030317_LMLT_2005_004_R1   Sample ID,60.76,2088,NA,NA,4,Lake Michigan,Sturgeon Bay,44.75,-87.08333333,Pisces,Lake trout,Composite whole fish homogenate,1,5,2005,<0.427,<0.238,<0.193,<0.216,<0.273,0.360,<0.299,2.837,45.186,0.778,2.490,4.368,0.859,2.436,0.252,<0.293
#7 Point et al (2021), 033117_LMLT_2005_005_R1   Sample ID,68.8,3016,0.4,NA,5,Lake Michigan,Sturgeon Bay,44.75,-87.08333333,Pisces,Lake trout,Composite whole fish homogenate,1,5,2005,<0.427,<0.238,<0.193,<0.216,<0.273,0.449,<0.299,3.285,43.203,0.699,2.762,4.764,0.957,2.458,0.300,<0.293
#7 Point et al (2021), 021219_BMP_LMLakeTrout200520905006   Sample ID,66.78,2984,0.6,NA,4.6,Lake Michigan,Sturgeon Bay,44.75,-87.08333333,Pisces,Lake trout,Composite whole fish homogenate,1,5,2005,<0.427,<0.238,<0.193,<0.216,<0.273,0.545,<0.299,1.266,44.982,1.090,1.349,2.372,0.662,2.741,0.285,<0.293
#7 Point et al (2021), 020719_BMP_LMLakeTrout20062111002_R1   Sample ID,62.92,2358,0.8,NA,5.2,Lake Michigan,Saugatuck,42.58333333,-86.41666667,Pisces,Lake trout,Composite whole fish homogenate,1,5,2006,<0.427,<0.238,0.569,<0.216,<0.273,0.274,<0.299,0.725,52.593,1.115,0.857,1.386,0.424,1.421,0.277,<0.293
#7 Point et al (2021), 020719_BMP_LMLakeTrout20062111003   Sample ID,66.1,2812,0.2,NA,6.2,Lake Michigan,Saugatuck,42.58333333,-86.41666667,Pisces,Lake trout,Composite whole fish homogenate,1,5,2006,<0.427,<0.238,0.442,<0.216,<0.273,0.366,<0.299,1.871,45.121,1.148,2.407,5.409,1.123,2.943,0.476,<0.293
#7 Point et al (2021), 020719_BMP_LMLakeTrout20062111004   Sample ID,65.52,2893,0.6,NA,6,Lake Michigan,Saugatuck,42.58333333,-86.41666667,Pisces,Lake trout,Composite whole fish homogenate,1,5,2006,<0.427,<0.238,0.362,<0.216,<0.273,0.599,<0.299,3.766,67.979,1.591,3.695,7.342,1.292,2.765,0.441,<0.293
#7 Point et al (2021), 020719_BMP_LMLakeTrout20062111005   Sample ID,64.92,2720,0.4,NA,6,Lake Michigan,Saugatuck,42.58333333,-86.41666667,Pisces,Lake trout,Composite whole fish homogenate,1,5,2006,<0.427,<0.238,0.242,<0.216,<0.273,0.358,<0.299,0.866,56.043,1.358,0.991,1.774,0.508,1.774,0.367,<0.293
#7 Point et al (2021), 020719_BMP_LMLakeTrout20062111007   Sample ID,62.22,2325,1,NA,5.4,Lake Michigan,Saugatuck,42.58333333,-86.41666667,Pisces,Lake trout,Composite whole fish homogenate,1,5,2006,<0.427,<0.238,<0.193,<0.216,<0.273,0.894,0.593,8.162,83.263,2.227,11.105,22.104,3.740,7.130,0.984,<0.293
#7 Point et al (2021), 020719_BMP_LMLakeTrout20070905001   Sample ID,71.14,3533,NA,NA,7.2,Lake Michigan,Sturgeon Bay,44.75,-87.08333333,Pisces,Lake trout,Composite whole fish homogenate,1,5,2007,<0.427,<0.238,<0.193,<0.216,<0.273,0.429,0.313,2.368,41.406,1.046,2.476,4.907,0.974,2.216,0.357,<0.293
#7 Point et al (2021), 020719_BMP_LMLakeTrout20070905002   Sample ID,68.9,3269,0.2,NA,7,Lake Michigan,Sturgeon Bay,44.75,-87.08333333,Pisces,Lake trout,Composite whole fish homogenate,1,5,2007,<0.427,<0.238,<0.193,<0.216,<0.273,0.621,<0.299,3.577,56.493,1.250,3.618,7.079,1.432,3.221,0.513,<0.293
#7 Point et al (2021), 020719_BMP_LMLakeTrout20070905003   Sample ID,61.3,2227,0.2,NA,6,Lake Michigan,Sturgeon Bay,44.75,-87.08333333,Pisces,Lake trout,Composite whole fish homogenate,1,5,2007,<0.427,<0.238,<0.193,<0.216,<0.273,0.427,0.380,3.340,51.025,1.243,3.539,7.049,1.414,3.757,0.503,<0.293
#7 Point et al (2021), 020719_BMP_LMLakeTrout20070905004   Sample ID,65.7,2562,0,NA,6.2,Lake Michigan,Sturgeon Bay,44.75,-87.08333333,Pisces,Lake trout,Composite whole fish homogenate,1,5,2007,<0.427,<0.238,<0.193,<0.216,<0.273,0.482,<0.299,3.744,47.873,1.125,3.479,6.917,1.358,2.908,0.410,<0.293
#7 Point et al (2021), 020719_BMP_LMLakeTrout20070905005_dup_avg,59.84,1990,0,NA,5.4,Lake Michigan,Sturgeon Bay,44.75,-87.08333333,Pisces,Lake trout,Composite whole fish homogenate,2,5,2007,<0.427,<0.238,<0.193,<0.216,<0.273,0.321,<0.299,1.104,38.268,1.028,1.427,2.967,0.764,1.980,0.367,<0.293
#7 Point et al (2021), 021119_BMP_LMLakeTrout20082210001   Sample ID,63.3,2566,0.4,NA,6.8,Lake Michigan,Saugatuck,42.58333333,-86.41666667,Pisces,Lake trout,Composite whole fish homogenate,1,5,2008,<0.427,<0.238,<0.193,<0.216,<0.273,0.263,<0.299,0.577,36.715,1.002,0.552,1.248,0.416,1.528,0.348,<0.293
#7 Point et al (2021), 021119_BMP_LMLakeTrout20082210002   Sample ID,64.64,2789,0.2,NA,6.4,Lake Michigan,Saugatuck,42.58333333,-86.41666667,Pisces,Lake trout,Composite whole fish homogenate,1,5,2008,<0.427,<0.238,<0.193,<0.216,<0.273,0.424,<0.299,0.667,55.493,1.733,0.996,2.140,0.728,2.694,0.476,<0.293
#7 Point et al (2021), 021119_BMP_LMLakeTrout20082210003   Sample ID,67.24,3038,0.2,NA,6.8,Lake Michigan,Saugatuck,42.58333333,-86.41666667,Pisces,Lake trout,Composite whole fish homogenate,1,5,2008,<0.427,<0.238,<0.193,<0.216,<0.273,0.418,<0.299,0.761,46.244,1.328,0.808,1.671,0.520,1.941,0.362,<0.293
#7 Point et al (2021), 021119_BMP_LMLakeTrout20082210004   Sample ID,64.72,2660,0.2,NA,6.4,Lake Michigan,Saugatuck,42.58333333,-86.41666667,Pisces,Lake trout,Composite whole fish homogenate,1,5,2008,<0.427,<0.238,<0.193,<0.216,<0.273,0.557,<0.299,1.181,64.701,1.898,1.493,2.893,0.852,2.876,0.523,<0.293
#7 Point et al (2021), 021119_BMP_LMLakeTrout20082210005   Sample ID,66.12,2770,0.2,NA,6.8,Lake Michigan,Saugatuck,42.58333333,-86.41666667,Pisces,Lake trout,Composite whole fish homogenate,1,5,2008,<0.427,<0.238,<0.193,<0.216,<0.273,0.162,<0.299,0.417,24.780,0.792,0.383,0.596,0.213,1.056,0.230,<0.293
#7 Point et al (2021), 030317_LMLT_2009_001_R1   Sample ID,67.18,2806,0,NA,6.6,Lake Michigan,Sturgeon Bay,44.75,-87.08333333,Pisces,Lake trout,Composite whole fish homogenate,1,5,2009,<0.427,<0.238,<0.193,<0.216,<0.273,0.357,<0.299,1.598,38.259,0.506,1.644,2.826,0.597,1.602,0.178,<0.293
#7 Point et al (2021), 030317_LMLT_2009_002_R1   Sample ID,69.5,3168,0,NA,7.6,Lake Michigan,Sturgeon Bay,44.75,-87.08333333,Pisces,Lake trout,Composite whole fish homogenate,1,5,2009,<0.427,<0.238,<0.193,<0.216,<0.273,0.414,<0.299,1.885,47.641,0.807,1.938,3.249,0.713,2.032,0.241,<0.293
#7 Point et al (2021), 030317_LMLT_2009_003_R1   Sample ID,66.3,2682,0.2,NA,6.4,Lake Michigan,Sturgeon Bay,44.75,-87.08333333,Pisces,Lake trout,Composite whole fish homogenate,1,5,2009,<0.427,<0.238,<0.193,<0.216,<0.273,0.420,<0.299,2.434,42.987,0.593,2.218,3.686,0.726,1.939,0.227,<0.293
#7 Point et al (2021), 021119_BMP_LMLakeTrout20090905004   Sample ID,64.4,2498,0.2,NA,6.2,Lake Michigan,Sturgeon Bay,44.75,-87.08333333,Pisces,Lake trout,Composite whole fish homogenate,1,5,2009,<0.427,<0.238,<0.193,<0.216,<0.273,0.287,<0.299,0.967,35.553,0.975,1.156,2.221,0.590,2.065,0.311,<0.293
#7 Point et al (2021), 033117_LMLT_2009_006_R1   Sample ID,66.88,2686,0.4,NA,6.8,Lake Michigan,Sturgeon Bay,44.75,-87.08333333,Pisces,Lake trout,Composite whole fish homogenate,1,5,2009,<0.427,<0.238,<0.193,<0.216,<0.273,0.358,<0.299,1.342,37.512,0.857,1.491,2.559,0.639,1.829,0.242,<0.293
#7 Point et al (2021), 021219_BMP_LMLakeTrout20102210001   Sample ID,67.16,3134,0,NA,5.2,Lake Michigan,Saugatuck,42.58333333,-86.41666667,Pisces,Lake trout,Composite whole fish homogenate,1,5,2010,<0.427,<0.238,<0.193,<0.216,<0.273,0.422,0.535,1.998,38.342,1.163,1.726,3.612,0.769,2.495,0.291,<0.293
#7 Point et al (2021), 021219_BMP_LMLakeTrout20102210002   Sample ID,67.04,2894.2,0.2,NA,5.8,Lake Michigan,Saugatuck,42.58333333,-86.41666667,Pisces,Lake trout,Composite whole fish homogenate,1,5,2010,<0.427,<0.238,<0.193,<0.216,<0.273,0.454,0.309,1.080,39.959,1.144,1.044,1.870,0.581,2.234,0.291,<0.293
#7 Point et al (2021), 021219_BMP_LMLakeTrout20102210003   Sample ID,59.52,2079,0.4,NA,4.2,Lake Michigan,Saugatuck,42.58333333,-86.41666667,Pisces,Lake trout,Composite whole fish homogenate,1,5,2010,<0.427,<0.238,<0.193,<0.216,<0.273,0.307,<0.299,0.707,39.855,1.125,0.895,1.636,0.503,1.559,0.256,<0.293
#7 Point et al (2021), 021219_BMP_LMLakeTrout20102210006   Sample ID,73.28,4007,0.4,NA,7.4,Lake Michigan,Saugatuck,42.58333333,-86.41666667,Pisces,Lake trout,Composite whole fish homogenate,1,5,2010,<0.427,<0.238,<0.193,<0.216,<0.273,0.469,0.494,3.886,42.154,1.091,3.289,5.888,1.057,3.366,0.315,<0.293
#7 Point et al (2021), 021219_BMP_LMLakeTrout20102210008   Sample ID,68.42,3392,NA,NA,6.6,Lake Michigan,Saugatuck,42.58333333,-86.41666667,Pisces,Lake trout,Composite whole fish homogenate,1,5,2010,<0.427,<0.238,<0.193,<0.216,<0.273,0.996,0.737,7.087,51.383,1.239,4.908,9.080,1.434,3.531,0.324,<0.293
#7 Point et al (2021), 021219_BMP_LMLakeTrout20110905001   Sample ID,68.56,3258.4,0,NA,5.6,Lake Michigan,Sturgeon Bay,44.75,-87.08333333,Pisces,Lake trout,Composite whole fish homogenate,1,5,2011,<0.427,<0.238,<0.193,<0.216,<0.273,0.204,<0.299,0.661,27.752,0.775,0.841,1.453,0.490,1.657,0.204,<0.293
#7 Point et al (2021), 021219_BMP_LMLakeTrout20110905002   Sample ID,66.56,2719.6,0,NA,6.8,Lake Michigan,Sturgeon Bay,44.75,-87.08333333,Pisces,Lake trout,Composite whole fish homogenate,1,5,2011,<0.427,<0.238,<0.193,<0.216,<0.273,0.249,<0.299,1.005,36.453,0.988,1.146,1.826,0.531,1.461,0.216,<0.293
#7 Point et al (2021), 021219_BMP_LMLakeTrout20110905003   Sample ID,68.84,2997.2,0,NA,5.4,Lake Michigan,Sturgeon Bay,44.75,-87.08333333,Pisces,Lake trout,Composite whole fish homogenate,1,5,2011,<0.427,<0.238,<0.193,<0.216,<0.273,0.246,<0.299,0.737,26.812,0.754,0.848,1.458,0.492,1.390,0.195,<0.293
#7 Point et al (2021), 021219_BMP_LMLakeTrout20110905004   Sample ID,66.56,2799.2,0,NA,4.8,Lake Michigan,Sturgeon Bay,44.75,-87.08333333,Pisces,Lake trout,Composite whole fish homogenate,1,5,2011,<0.427,<0.238,<0.193,<0.216,<0.273,0.341,<0.299,1.095,30.372,0.771,1.031,1.631,0.487,1.485,0.179,<0.293
#7 Point et al (2021), 021219_BMP_LMLakeTrout20110905005_dup_avgSample ID,64.02,2303.6,0,NA,4.8,Lake Michigan,Sturgeon Bay,44.75,-87.08333333,Pisces,Lake trout,Composite whole fish homogenate,2,5,2011,<0.427,<0.238,<0.193,<0.216,<0.273,0.264,<0.299,2.319,46.808,1.077,2.320,3.506,0.839,2.258,0.248,<0.293
#7 Point et al (2021), 021419_BMP_LMLakeTrout20122211005_R1   Sample ID,66.48,3355,0.8,NA,8.8,Lake Michigan,Saugatuck,42.58333333,-86.41666667,Pisces,Lake trout,Composite whole fish homogenate,1,5,2012,<0.427,<0.238,<0.193,<0.216,<0.273,0.453,<0.299,0.724,49.438,1.335,0.908,1.658,0.636,2.599,0.563,<0.293
#7 Point et al (2021), 021419_BMP_LMLakeTrout20122211006   Sample ID,67.18,2892,0.4,NA,9,Lake Michigan,Saugatuck,42.58333333,-86.41666667,Pisces,Lake trout,Composite whole fish homogenate,1,5,2012,<0.427,<0.238,<0.193,<0.216,<0.273,0.268,<0.299,0.761,52.832,1.298,0.904,1.521,0.474,1.924,0.447,<0.293
#7 Point et al (2021), 021419_BMP_LMLakeTrout20122211008   Sample ID,71.84,3622,0.2,NA,9.6,Lake Michigan,Saugatuck,42.58333333,-86.41666667,Pisces,Lake trout,Composite whole fish homogenate,1,5,2012,<0.427,<0.238,<0.193,<0.216,<0.273,0.397,<0.299,0.753,45.148,1.263,0.915,1.587,0.534,1.943,0.462,<0.293
#7 Point et al (2021), 021419_BMP_LMLakeTrout20122211009   Sample ID,67.36,3165,0.6,NA,7,Lake Michigan,Saugatuck,42.58333333,-86.41666667,Pisces,Lake trout,Composite whole fish homogenate,1,5,2012,<0.427,<0.238,<0.193,<0.216,<0.273,0.229,<0.299,0.593,35.846,1.016,0.618,1.059,0.364,1.372,0.398,<0.293
#7 Point et al (2021), 021419_BMP_LMLakeTrout20122211010   Sample ID,71.9,4075,0.6,NA,7.8,Lake Michigan,Saugatuck,42.58333333,-86.41666667,Pisces,Lake trout,Composite whole fish homogenate,1,5,2012,<0.427,<0.238,<0.193,<0.216,<0.273,0.432,<0.299,1.179,45.569,1.220,1.445,2.731,0.722,2.300,0.473,<0.293
#7 Point et al (2021), 021819_BMP_LMLakeTrout20130906AC001   Sample ID,62.7,2216,0,NA,6.8,Lake Michigan,Sturgeon Bay,44.75,-87.08333333,Pisces,Lake trout,Composite whole fish homogenate,1,5,2013,<0.427,<0.238,<0.193,<0.216,<0.273,0.348,<0.299,1.134,48.197,1.207,1.652,2.858,0.875,2.972,0.372,<0.293
#7 Point et al (2021), 021819_BMP_LMLakeTrout20130906AC002   Sample ID,66.62,2816,0,NA,6.8,Lake Michigan,Sturgeon Bay,44.75,-87.08333333,Pisces,Lake trout,Composite whole fish homogenate,1,5,2013,<0.427,<0.238,<0.193,<0.216,<0.273,0.262,<0.299,0.686,38.535,1.073,0.920,1.308,0.451,1.696,0.189,<0.293
#7 Point et al (2021), 021819_BMP_LMLakeTrout20130906AC003   Sample ID,67.36,2776,0,NA,7.6,Lake Michigan,Sturgeon Bay,44.75,-87.08333333,Pisces,Lake trout,Composite whole fish homogenate,1,5,2013,<0.427,<0.238,<0.193,<0.216,<0.273,0.265,<0.299,0.768,48.384,1.180,1.144,1.894,0.604,1.921,0.256,<0.293
#7 Point et al (2021), 021819_BMP_LMLakeTrout20130906AC005_reinject   Sample ID,70.68,3466,0.2,NA,7.2,Lake Michigan,Sturgeon Bay,44.75,-87.08333333,Pisces,Lake trout,Composite whole fish homogenate,1,5,2013,<0.427,<0.238,<0.193,<0.216,<0.273,0.325,<0.299,0.700,35.023,0.939,1.059,1.657,0.598,1.717,0.273,<0.293
#7 Point et al (2021), 021819_BMP_LMLakeTrout20130906AC006   Sample ID,68.8,2232,0,NA,7.6,Lake Michigan,Sturgeon Bay,44.75,-87.08333333,Pisces,Lake trout,Composite whole fish homogenate,1,5,2013,<0.427,<0.238,<0.193,<0.216,<0.273,0.337,<0.299,1.037,40.321,1.004,1.316,2.142,0.616,2.361,0.219,<0.293
#7 Point et al (2021), 092418_LMLT_2014_001   Sample ID,58.32,1871,0.8,NA,4.8,Lake Michigan,Saugatuck,42.58333333,-86.41666667,Pisces,Lake trout,Composite whole fish homogenate,1,5,2014,<0.427,<0.238,76.968,<0.216,<0.273,0.223,<0.299,0.635,52.067,1.152,1.004,1.611,0.665,1.552,0.416,<0.293
#7 Point et al (2021), 092418_LMLT_2014_002   Sample ID,61.28,2132,0.4,NA,5.6,Lake Michigan,Saugatuck,42.58333333,-86.41666667,Pisces,Lake trout,Composite whole fish homogenate,1,5,2014,<0.427,<0.238,99.433,<0.216,<0.273,0.234,<0.299,0.580,43.617,0.810,0.870,1.303,0.494,1.277,0.273,<0.293
#7 Point et al (2021), 092418_LMLT_2014_003   Sample ID,61.54,1979,1,NA,5.8,Lake Michigan,Saugatuck,42.58333333,-86.41666667,Pisces,Lake trout,Composite whole fish homogenate,1,5,2014,<0.427,<0.238,102.582,<0.216,<0.273,0.215,<0.299,0.577,51.466,1.043,0.797,1.203,0.501,1.038,0.324,<0.293
#7 Point et al (2021), 092418_LMLT_2014_004   Sample ID,64.9,2608,0.2,NA,7.2,Lake Michigan,Saugatuck,42.58333333,-86.41666667,Pisces,Lake trout,Composite whole fish homogenate,1,5,2014,<0.427,<0.238,70.672,<0.216,<0.273,0.250,<0.299,0.725,49.065,0.953,1.010,1.367,0.466,1.185,0.279,<0.293
#7 Point et al (2021), 092418_LMLT_2014_005_R1   Sample ID,67.72,2962,0.2,NA,7.2,Lake Michigan,Saugatuck,42.58333333,-86.41666667,Pisces,Lake trout,Composite whole fish homogenate,1,5,2014,<0.427,<0.238,151.771,<0.216,<0.273,0.267,<0.299,0.801,44.758,0.687,0.960,1.172,0.378,1.058,0.258,<0.293
#7 Point et al (2021), 030317_LMLT_2015_001_R1   Sample ID,63.14,2692,0,Adult (Sexually Mature),4.8,Lake Michigan,Sturgeon Bay,44.75,-87.08333333,Pisces,Lake trout,Composite whole fish homogenate,1,5,2015,<0.427,<0.238,<0.193,<0.216,<0.273,0.363,<0.299,1.046,33.627,0.254,0.961,1.268,0.418,0.955,0.182,<0.293
#7 Point et al (2021), 030317_LMLT_2015_002_R1   Sample ID,61.54,2204,0.2,Adult (Sexually Mature),5.4,Lake Michigan,Sturgeon Bay,44.75,-87.08333333,Pisces,Lake trout,Composite whole fish homogenate,1,5,2015,<0.427,<0.238,<0.193,<0.216,<0.273,0.244,<0.299,0.752,25.567,0.214,0.708,0.858,0.304,0.650,0.137,<0.293
#7 Point et al (2021), 030317_LMLT_2015_003_R1   Sample ID,62.26,2156,0,Adult (Sexually Mature),5,Lake Michigan,Sturgeon Bay,44.75,-87.08333333,Pisces,Lake trout,Composite whole fish homogenate,1,5,2015,<0.427,<0.238,<0.193,<0.216,<0.273,0.260,<0.299,0.931,34.610,0.399,0.973,1.172,0.352,0.593,0.128,<0.293
#7 Point et al (2021), 110118_BMP_LMLakeTrout20150905AC004_dup_avg,64.22,2386,0,Adult (Sexually Mature),6.4,Lake Michigan,Sturgeon Bay,44.75,-87.08333333,Pisces,Lake trout,Composite whole fish homogenate,2,5,2015,<0.427,<0.238,<0.193,<0.216,<0.273,0.358,0.319,1.216,32.561,0.800,1.386,2.096,0.681,1.556,0.359,<0.293
#7 Point et al (2021), 110118_BMP_LMLakeTrout20150905AC005   Sample ID,67.62,2938,0.2,Adult (Sexually Mature),8.4,Lake Michigan,Sturgeon Bay,44.75,-87.08333333,Pisces,Lake trout,Composite whole fish homogenate,1,5,2015,<0.427,<0.238,<0.193,<0.216,<0.273,0.308,<0.299,0.787,25.890,0.496,0.821,1.454,0.411,0.838,0.188,<0.293
#7 Point et al (2021), 032819_BMP_LMLakeTrout20162211AC001_dup_avg,NA,NA,NA,NA,NA,Lake Michigan,Saugatuck,42.58333333,-86.41666667,Pisces,Lake trout,Composite whole fish homogenate,2,5,2016,<0.427,<0.238,<0.193,<0.216,<0.273,0.251,<0.299,0.696,26.578,0.728,0.615,0.861,0.330,0.793,0.229,<0.293
#7 Point et al (2021), 032819_BMP_LMLakeTrout20162211AC002   Sample ID,NA,NA,NA,NA,NA,Lake Michigan,Saugatuck,42.58333333,-86.41666667,Pisces,Lake trout,Composite whole fish homogenate,1,5,2016,<0.427,<0.238,<0.193,<0.216,<0.273,0.512,<0.299,1.168,33.216,0.840,1.040,1.280,0.448,1.152,0.272,<0.293
#7 Point et al (2021), 032819_BMP_LMLakeTrout20162211AC003   Sample ID,NA,NA,NA,NA,NA,Lake Michigan,Saugatuck,42.58333333,-86.41666667,Pisces,Lake trout,Composite whole fish homogenate,1,5,2016,<0.427,<0.238,<0.193,<0.216,<0.273,0.413,<0.299,0.842,32.382,0.859,0.923,1.385,0.478,0.956,0.292,<0.293
#7 Point et al (2021), 032819_BMP_LMLakeTrout20162211AC004   Sample ID,NA,NA,NA,NA,NA,Lake Michigan,Saugatuck,42.58333333,-86.41666667,Pisces,Lake trout,Composite whole fish homogenate,1,5,2016,<0.427,<0.238,<0.193,<0.216,<0.273,0.313,<0.299,0.635,30.801,0.833,0.742,0.998,0.396,0.932,0.214,<0.293
#7 Point et al (2021), 032819_BMP_LMLakeTrout20162211AC005   Sample ID,NA,NA,NA,NA,NA,Lake Michigan,Saugatuck,42.58333333,-86.41666667,Pisces,Lake trout,Composite whole fish homogenate,1,5,2016,<0.427,<0.238,<0.193,<0.216,<0.273,0.280,<0.299,0.610,23.436,0.669,0.712,0.534,0.254,0.542,0.144,<0.293
#7 Point et al (2021), 030817_LEW_2005_001_R1   Sample ID,39.98,534,0,NA,4,Lake Erie,Dunkirk,42.41666667,-79.58333333,Pisces,Walleye,Composite whole fish homogenate,1,5,2005,<0.427,<0.238,<0.193,<0.216,<0.273,0.094,<0.299,1.554,153.027,5.450,6.975,8.134,2.358,5.721,1.090,<0.293
#7 Point et al (2021), 030817_LEW_2005_002_R1   Sample ID,43.06,698,NA,NA,3,Lake Erie,Dunkirk,42.41666667,-79.58333333,Pisces,Walleye,Composite whole fish homogenate,1,5,2005,<0.427,<0.238,<0.193,<0.216,<0.273,0.080,<0.299,1.303,150.104,5.299,6.399,7.527,2.151,5.503,0.875,<0.293
#7 Point et al (2021), 030817_LEW_2005_003_R1   Sample ID,40.5,544,NA,NA,2.2,Lake Erie,Dunkirk,42.41666667,-79.58333333,Pisces,Walleye,Composite whole fish homogenate,1,5,2005,<0.427,<0.238,<0.193,<0.216,<0.273,0.078,<0.299,1.869,180.294,6.203,7.456,7.823,2.137,4.856,0.719,<0.293
#7 Point et al (2021), 032817_LEW_2005_004_R1   Sample ID,43.46,788,0.2,NA,3.2,Lake Erie,Dunkirk,42.41666667,-79.58333333,Pisces,Walleye,Composite whole fish homogenate,1,5,2005,<0.427,<0.238,<0.193,<0.216,<0.273,0.130,<0.299,2.239,179.784,7.315,8.465,9.395,2.593,5.828,1.033,<0.293
#7 Point et al (2021), 033117_LEW_2005_005_R1   Sample ID,42.64,710,0.6,NA,3,Lake Erie,Dunkirk,42.41666667,-79.58333333,Pisces,Walleye,Composite whole fish homogenate,1,5,2005,<0.427,<0.238,<0.193,<0.216,<0.273,0.094,<0.299,1.735,171.464,8.389,7.623,9.384,2.472,5.662,1.151,<0.293
#7 Point et al (2021), 032217_LEW_2006_001_R1   Sample ID,43.52,780.6,0,NA,3.8,Lake Erie,Middle Bass Island,41.58333333,-82.91666667,Pisces,Walleye,Composite whole fish homogenate,1,5,2006,<0.427,<0.238,<0.193,<0.216,<0.273,<0.071,<0.299,1.731,138.443,5.153,6.763,5.940,1.971,3.539,0.665,<0.293
#7 Point et al (2021), 032217_LEW_2006_002_R1   Sample ID,43.2,793.4,0.2,NA,4,Lake Erie,Middle Bass Island,41.58333333,-82.91666667,Pisces,Walleye,Composite whole fish homogenate,1,5,2006,<0.427,<0.238,<0.193,<0.216,<0.273,<0.071,<0.299,0.863,89.617,3.654,4.604,4.175,1.511,2.598,0.532,<0.293
#7 Point et al (2021), 032217_LEW_2006_006_R1   Sample ID,45.06,850.2,0.2,NA,4.8,Lake Erie,Middle Bass Island,41.58333333,-82.91666667,Pisces,Walleye,Composite whole fish homogenate,1,5,2006,<0.427,<0.238,<0.193,<0.216,<0.273,<0.071,<0.299,1.387,198.862,6.539,7.664,6.810,1.945,3.703,0.724,<0.293
#7 Point et al (2021), 033117_LEW_2006_007_R1   Sample ID,46.16,932.2,0.2,NA,4.6,Lake Erie,Middle Bass Island,41.58333333,-82.91666667,Pisces,Walleye,Composite whole fish homogenate,1,5,2006,<0.427,<0.238,<0.193,<0.216,<0.273,<0.071,<0.299,0.868,97.327,5.859,6.142,5.379,2.166,3.067,0.839,<0.293
#7 Point et al (2021), 020719_BMP_LEWalleye20060904009   Sample ID,42.68,688.6,0.2,NA,3.8,Lake Erie,Middle Bass Island,41.58333333,-82.91666667,Pisces,Walleye,Composite whole fish homogenate,1,5,2006,<0.427,<0.238,<0.193,<0.216,<0.273,0.075,<0.299,0.791,70.216,4.042,4.635,5.050,2.431,3.373,0.989,<0.293
#7 Point et al (2021), 020719_BMP_LEWalleye20070424003_R1   Sample ID,48.04,1043,0.2,NA,8.4,Lake Erie,Dunkirk,42.41666667,-79.58333333,Pisces,Walleye,Composite whole fish homogenate,1,5,2007,<0.427,<0.238,<0.193,<0.216,<0.273,0.194,<0.299,2.735,122.139,3.451,6.660,6.247,1.780,4.001,0.859,<0.293
#7 Point et al (2021), 020719_BMP_LEWalleye20070424004   Sample ID,50.92,1345,0.6,NA,9.4,Lake Erie,Dunkirk,42.41666667,-79.58333333,Pisces,Walleye,Composite whole fish homogenate,1,5,2007,<0.427,<0.238,<0.193,<0.216,<0.273,0.191,<0.299,2.165,117.582,3.539,5.723,5.777,1.447,3.266,0.746,<0.293
#7 Point et al (2021), 020719_BMP_LEWalleye20070424006   Sample ID,46.42,959,0.4,NA,7.8,Lake Erie,Dunkirk,42.41666667,-79.58333333,Pisces,Walleye,Composite whole fish homogenate,1,5,2007,<0.427,<0.238,<0.193,<0.216,<0.273,0.177,<0.299,2.483,115.565,3.376,6.095,5.663,1.629,4.093,0.874,<0.293
#7 Point et al (2021), 020719_BMP_LEWalleye20070424009   Sample ID,50.32,1222.8,0,NA,9.2,Lake Erie,Dunkirk,42.41666667,-79.58333333,Pisces,Walleye,Composite whole fish homogenate,1,5,2007,<0.427,<0.238,<0.193,<0.216,<0.273,0.175,<0.299,2.684,111.263,3.345,6.331,6.010,1.682,3.919,0.866,<0.293
#7 Point et al (2021), 020719_BMP_LEWalleye200704240010   Sample ID,46.96,865.4,0.4,NA,8.2,Lake Erie,Dunkirk,42.41666667,-79.58333333,Pisces,Walleye,Composite whole fish homogenate,1,5,2007,<0.427,<0.238,<0.193,<0.216,<0.273,0.114,<0.299,1.314,104.276,3.800,6.333,7.076,2.210,4.638,1.114,<0.293
#7 Point et al (2021), 021119_BMP_LEWalleye20080904001_R1   Sample ID,48.82,1184.8,0.8,NA,8.6,Lake Erie,Middle Bass Island,41.58333333,-82.91666667,Pisces,Walleye,Composite whole fish homogenate,1,5,2008,<0.427,<0.238,<0.193,<0.216,<0.273,0.101,<0.299,1.077,76.585,3.478,4.870,4.759,2.424,3.784,1.023,<0.293
#7 Point et al (2021), 021119_BMP_LEWalleye20080904002   Sample ID,47.22,1025,0.6,NA,8.2,Lake Erie,Middle Bass Island,41.58333333,-82.91666667,Pisces,Walleye,Composite whole fish homogenate,1,5,2008,<0.427,<0.238,<0.193,<0.216,<0.273,<0.071,<0.299,0.425,43.468,2.501,2.848,3.187,1.737,2.926,0.747,<0.293
#7 Point et al (2021), 021119_BMP_LEWalleye20080904003   Sample ID,49.12,1229.8,1,NA,9,Lake Erie,Middle Bass Island,41.58333333,-82.91666667,Pisces,Walleye,Composite whole fish homogenate,1,5,2008,<0.427,<0.238,<0.193,<0.216,<0.273,0.099,<0.299,0.839,54.499,2.152,3.208,2.961,1.392,2.705,0.770,<0.293
#7 Point et al (2021), 021119_BMP_LEWalleye20080904004   Sample ID,46.78,1005,0,NA,8.2,Lake Erie,Middle Bass Island,41.58333333,-82.91666667,Pisces,Walleye,Composite whole fish homogenate,1,5,2008,<0.427,<0.238,<0.193,<0.216,<0.273,0.079,<0.299,0.842,47.297,2.030,3.109,3.050,1.752,2.455,0.851,<0.293
#7 Point et al (2021), 021119_BMP_LEWalleye20080904005   Sample ID,48.48,1129.4,0.2,NA,8.6,Lake Erie,Middle Bass Island,41.58333333,-82.91666667,Pisces,Walleye,Composite whole fish homogenate,1,5,2008,<0.427,<0.238,<0.193,<0.216,<0.273,0.077,<0.299,0.528,50.110,2.504,3.252,3.079,1.832,2.609,0.873,<0.293
#7 Point et al (2021), 030817_LEW_2009_001_R1   Sample ID,52,1284,NA,NA,9.6,Lake Erie,Dunkirk,42.41666667,-79.58333333,Pisces,Walleye,Composite whole fish homogenate,1,5,2009,<0.427,<0.238,<0.193,<0.216,<0.273,0.148,<0.299,2.142,106.784,3.100,7.929,7.050,2.138,4.286,0.894,<0.293
#7 Point et al (2021), 030817_LEW_2009_002_R1   Sample ID,51.32,1210,NA,NA,9.6,Lake Erie,Dunkirk,42.41666667,-79.58333333,Pisces,Walleye,Composite whole fish homogenate,1,5,2009,<0.427,<0.238,<0.193,<0.216,<0.273,0.156,<0.299,2.006,95.730,2.918,7.378,6.755,1.941,4.433,0.906,<0.293
#7 Point et al (2021), 030817_LEW_2009_003_Dup_avg,44.94,762,NA,NA,7.6,Lake Erie,Dunkirk,42.41666667,-79.58333333,Pisces,Walleye,Composite whole fish homogenate,2,5,2009,<0.427,<0.238,<0.193,<0.216,<0.273,0.111,<0.299,1.626,83.829,2.577,6.103,5.638,1.643,3.836,0.770,<0.293
#7 Point et al (2021), 032817_LEW_2009_004_R1   Sample ID,50.18,1189,NA,NA,9.2,Lake Erie,Dunkirk,42.41666667,-79.58333333,Pisces,Walleye,Composite whole fish homogenate,1,5,2009,<0.427,<0.238,<0.193,<0.216,<0.273,0.179,<0.299,2.303,103.105,4.036,7.301,6.272,1.707,3.796,0.842,<0.293
#7 Point et al (2021), 033117_LEW_2009_005_R1   Sample ID,52.02,1363,NA,NA,9.4,Lake Erie,Dunkirk,42.41666667,-79.58333333,Pisces,Walleye,Composite whole fish homogenate,1,5,2009,<0.427,<0.238,<0.193,<0.216,<0.273,0.129,<0.299,1.948,108.460,3.987,7.266,6.778,1.873,3.815,0.900,<0.293
#7 Point et al (2021), 032217_LEW_2010_001_R1   Sample ID,46.68,1007,0.4,NA,7.2,Lake Erie,Middle Bass Island,41.58333333,-82.91666667,Pisces,Walleye,Composite whole fish homogenate,1,5,2010,<0.427,<0.238,<0.193,<0.216,<0.273,<0.071,<0.299,0.429,47.216,1.999,3.238,3.094,1.516,1.826,0.576,<0.293
#7 Point et al (2021), 032217_LEW_2010_002_R1   Sample ID,44.4,858.2,0.2,NA,6.4,Lake Erie,Middle Bass Island,41.58333333,-82.91666667,Pisces,Walleye,Composite whole fish homogenate,1,5,2010,<0.427,<0.238,<0.193,<0.216,<0.273,<0.071,<0.299,0.360,41.552,1.493,3.056,2.810,1.477,1.589,0.532,<0.293
#7 Point et al (2021), 032217_LEW_2010_004_Dup_avg,46.06,995.6,0,NA,6.6,Lake Erie,Middle Bass Island,41.58333333,-82.91666667,Pisces,Walleye,Composite whole fish homogenate,2,5,2010,<0.427,<0.238,<0.193,<0.216,<0.273,<0.071,<0.299,0.999,62.391,2.245,4.099,3.529,1.614,1.936,0.557,<0.293
#7 Point et al (2021), 033117_LEW_2010_007_R1   Sample ID,47.2,993.4,0.4,NA,6.8,Lake Erie,Middle Bass Island,41.58333333,-82.91666667,Pisces,Walleye,Composite whole fish homogenate,1,5,2010,<0.427,<0.238,<0.193,<0.216,<0.273,<0.071,<0.299,0.513,44.368,2.278,3.577,3.287,1.688,1.960,0.734,<0.293
#7 Point et al (2021), 021219_BMP_LEWalleye2010904008   Sample ID,46.1,952.8,0.6,NA,6.6,Lake Erie,Middle Bass Island,41.58333333,-82.91666667,Pisces,Walleye,Composite whole fish homogenate,1,5,2010,<0.427,<0.238,<0.193,<0.216,<0.273,<0.071,<0.299,0.335,30.969,1.988,2.331,2.487,1.622,2.191,0.632,<0.293
#7 Point et al (2021), 021419_BMP_LELakeTrout20110424001_R1   Sample ID,62.56,2706,0.4,NA,7,Lake Erie,Dunkirk,42.41666667,-79.58333333,Pisces,Lake trout,Composite whole fish homogenate,1,5,2011,<0.427,<0.238,<0.193,<0.216,<0.273,0.335,<0.299,1.298,59.193,1.910,2.949,2.962,0.899,2.455,0.529,<0.293
#7 Point et al (2021), 021419_BMP_LELakeTrout20110424003   Sample ID,65.4,3432,0.4,NA,7.6,Lake Erie,Dunkirk,42.41666667,-79.58333333,Pisces,Lake trout,Composite whole fish homogenate,1,5,2011,<0.427,<0.238,<0.193,<0.216,<0.273,0.449,<0.299,2.152,84.213,2.405,4.725,4.164,1.142,3.312,0.608,<0.293
#7 Point et al (2021), 021419_BMP_LELakeTrout20110424006   Sample ID,65.28,3328,0.4,NA,6.2,Lake Erie,Dunkirk,42.41666667,-79.58333333,Pisces,Lake trout,Composite whole fish homogenate,1,5,2011,<0.427,<0.238,<0.193,<0.216,<0.273,0.469,<0.299,2.620,102.314,3.050,6.080,5.591,1.632,4.496,0.802,<0.293
#7 Point et al (2021), 021419_BMP_LELakeTrout20110424007   Sample ID,64.08,3214,0.4,NA,6.8,Lake Erie,Dunkirk,42.41666667,-79.58333333,Pisces,Lake trout,Composite whole fish homogenate,1,5,2011,<0.427,<0.238,<0.193,<0.216,<0.273,0.372,<0.299,1.900,75.140,2.459,4.486,4.212,1.185,2.380,0.598,<0.293
#7 Point et al (2021), 021419_BMP_LELakeTrout20110424009   Sample ID,64.84,3219,0.4,NA,7.2,Lake Erie,Dunkirk,42.41666667,-79.58333333,Pisces,Lake trout,Composite whole fish homogenate,1,5,2011,<0.427,<0.238,<0.193,<0.216,<0.273,0.627,<0.299,3.614,153.347,4.280,8.814,8.187,2.360,6.493,1.028,<0.293
#7 Point et al (2021), 021419_BMP_LEWalleye20120904001_R1   Sample ID,46.52,971.2,0.4,NA,3.6,Lake Erie,Middle Bass Island,41.58333333,-82.91666667,Pisces,Walleye,Composite whole fish homogenate,1,5,2012,<0.427,<0.238,<0.193,<0.216,<0.273,0.099,<0.299,0.723,43.935,1.427,2.668,2.332,1.136,1.788,0.669,<0.293
#7 Point et al (2021), 021419_BMP_LEWalleye20120904002   Sample ID,44.8,878.8,0.2,NA,2.8,Lake Erie,Middle Bass Island,41.58333333,-82.91666667,Pisces,Walleye,Composite whole fish homogenate,1,5,2012,<0.427,<0.238,<0.193,<0.216,<0.273,0.089,<0.299,0.702,45.225,1.448,3.154,2.870,1.306,2.150,0.666,<0.293
#7 Point et al (2021), 021419_BMP_LEWalleye20120904003   Sample ID,46.9,1002.6,0.6,NA,3.4,Lake Erie,Middle Bass Island,41.58333333,-82.91666667,Pisces,Walleye,Composite whole fish homogenate,1,5,2012,<0.427,<0.238,<0.193,<0.216,<0.273,0.121,<0.299,1.238,60.915,1.761,4.025,3.341,1.449,2.375,0.765,<0.293
#7 Point et al (2021), 021419_BMP_LEWalleye20120904004   Sample ID,46,931.4,0.6,NA,3.2,Lake Erie,Middle Bass Island,41.58333333,-82.91666667,Pisces,Walleye,Composite whole fish homogenate,1,5,2012,<0.427,<0.238,<0.193,<0.216,<0.273,0.095,<0.299,0.492,46.114,1.751,3.351,3.275,1.666,2.527,0.814,<0.293
#7 Point et al (2021), 021419_BMP_LEWalleye20120904005   Sample ID,45.02,903,0.2,NA,3,Lake Erie,Middle Bass Island,41.58333333,-82.91666667,Pisces,Walleye,Composite whole fish homogenate,1,5,2012,<0.427,<0.238,<0.193,<0.216,<0.273,0.073,<0.299,0.409,36.758,1.692,2.912,3.039,1.629,2.266,0.819,<0.293
#7 Point et al (2021), 021819_BMP_LELakeTrout20130424AC001   Sample ID,62.04,3059,0.6,NA,3.6,Lake Erie,Dunkirk,42.41666667,-79.58333333,Pisces,Lake trout,Composite whole fish homogenate,1,5,2013,<0.427,<0.238,<0.193,<0.216,<0.273,0.399,<0.299,3.951,161.426,3.098,8.904,5.927,1.716,4.628,0.603,<0.293
#7 Point et al (2021), 021819_BMP_LELakeTrout20130424AC002   Sample ID,64.96,3486,0,NA,4,Lake Erie,Dunkirk,42.41666667,-79.58333333,Pisces,Lake trout,Composite whole fish homogenate,1,5,2013,<0.427,<0.238,<0.193,<0.216,<0.273,0.503,<0.299,4.726,185.058,3.493,9.186,6.453,1.796,4.519,0.553,<0.293
#7 Point et al (2021), 021819_BMP_LELakeTrout20130424AC004   Sample ID,63.72,3001,1,NA,4,Lake Erie,Dunkirk,42.41666667,-79.58333333,Pisces,Lake trout,Composite whole fish homogenate,1,5,2013,<0.427,<0.238,<0.193,<0.216,<0.273,0.592,<0.299,5.195,212.930,4.182,11.123,7.763,2.217,6.770,0.812,<0.293
#7 Point et al (2021), 021819_BMP_LELakeTrout20130424AC005   Sample ID,62.3,3042,0.2,NA,3.8,Lake Erie,Dunkirk,42.41666667,-79.58333333,Pisces,Lake trout,Composite whole fish homogenate,1,5,2013,<0.427,<0.238,<0.193,<0.216,<0.273,0.405,<0.299,3.331,155.411,3.002,8.027,5.759,1.600,3.858,0.555,<0.293
#7 Point et al (2021), 021819_BMP_LELakeTrout20130424AC006_duplicate   Sample ID,66.9,3688,0.6,NA,4.2,Lake Erie,Dunkirk,42.41666667,-79.58333333,Pisces,Lake trout,Composite whole fish homogenate,2,5,2013,<0.427,<0.238,<0.193,<0.216,<0.273,0.387,<0.299,3.214,147.100,3.180,6.886,5.105,1.528,4.119,0.521,<0.293
#7 Point et al (2021), 031517_LEW_2014_001_redo_R1   Sample ID,45.06,826.4,0.4,NA,2,Lake Erie,Middle Bass Island,41.58333333,-82.91666667,Pisces,Walleye,Composite whole fish homogenate,1,5,2014,<0.427,<0.238,<0.193,<0.216,<0.273,<0.071,<0.299,0.529,47.768,1.114,3.221,2.489,1.888,2.055,0.845,<0.293
#7 Point et al (2021), 030817_LEW_2014_002_R1   Sample ID,44.46,856.8,0.4,NA,2,Lake Erie,Middle Bass Island,41.58333333,-82.91666667,Pisces,Walleye,Composite whole fish homogenate,1,5,2014,<0.427,<0.238,<0.193,<0.216,<0.273,<0.071,<0.299,0.574,48.267,1.234,3.371,2.737,1.897,2.221,0.856,<0.293
#7 Point et al (2021), 030817_LEW_2014_003_R1   Sample ID,44,809,0,NA,2.2,Lake Erie,Middle Bass Island,41.58333333,-82.91666667,Pisces,Walleye,Composite whole fish homogenate,1,5,2014,<0.427,<0.238,<0.193,<0.216,<0.273,<0.071,<0.299,0.483,45.832,1.170,3.064,2.511,1.705,2.095,0.757,<0.293
#7 Point et al (2021), 031517_LEW_2014_004_R1   Sample ID,46.7,963.2,0.2,NA,3,Lake Erie,Middle Bass Island,41.58333333,-82.91666667,Pisces,Walleye,Composite whole fish homogenate,1,5,2014,<0.427,<0.238,<0.193,<0.216,<0.273,<0.071,<0.299,0.503,48.374,1.251,3.261,2.640,1.891,1.994,0.785,<0.293
#7 Point et al (2021), 092718_BMP_LEWalleye2014904AC005   Sample ID,46.4,931.8,0.8,NA,3,Lake Erie,Middle Bass Island,41.58333333,-82.91666667,Pisces,Walleye,Composite whole fish homogenate,1,5,2014,<0.427,<0.238,2.754,<0.216,<0.273,<0.071,<0.299,0.813,52.861,1.904,3.438,3.290,2.588,3.087,1.220,<0.293
#7 Point et al (2021), 110118_BMP_LELakeTrout20150423AC001_R1   Sample ID,65.34,3581.6,1,Adult (Sexually Mature),8,Lake Erie,Dunkirk,42.41666667,-79.58333333,Pisces,Lake trout,Composite whole fish homogenate,1,5,2015,<0.427,<0.238,1.087,<0.216,<0.273,0.403,<0.299,2.053,110.631,1.672,4.322,2.832,0.938,1.534,0.475,<0.293
#7 Point et al (2021), 110118_BMP_LELakeTrout20150423AC002   Sample ID,67.38,3918.4,0.2,Adult (Sexually Mature),8.6,Lake Erie,Dunkirk,42.41666667,-79.58333333,Pisces,Lake trout,Composite whole fish homogenate,1,5,2015,<0.427,<0.238,0.266,<0.216,<0.273,0.461,<0.299,2.498,114.937,1.807,4.748,3.207,0.868,1.595,0.478,<0.293
#7 Point et al (2021), 110118_BMP_LELakeTrout20150423AC003   Sample ID,65.5,3544.8,0,Adult (Sexually Mature),9,Lake Erie,Dunkirk,42.41666667,-79.58333333,Pisces,Lake trout,Composite whole fish homogenate,1,5,2015,<0.427,<0.238,4.159,<0.216,<0.273,0.509,0.421,2.615,135.548,2.123,5.756,4.001,1.211,2.404,0.632,<0.293
#7 Point et al (2021), 110118_BMP_LELakeTrout20150423AC004   Sample ID,64.92,3638.8,0.4,Adult (Sexually Mature),9.4,Lake Erie,Dunkirk,42.41666667,-79.58333333,Pisces,Lake trout,Composite whole fish homogenate,1,5,2015,<0.427,<0.238,<0.193,<0.216,<0.273,0.416,0.329,2.114,110.539,1.594,4.366,2.807,0.884,1.785,0.468,<0.293
#7 Point et al (2021), 110118_BMP_LELakeTrout20150423AC005   Sample ID,68.46,3904.8,1,Adult (Sexually Mature),8.8,Lake Erie,Dunkirk,42.41666667,-79.58333333,Pisces,Lake trout,Composite whole fish homogenate,1,5,2015,<0.427,<0.238,<0.193,<0.216,<0.273,0.369,<0.299,1.703,80.335,1.299,3.424,2.265,0.755,1.247,0.439,<0.293
#7 Point et al (2021), 032819_BMP_LEWalleye20160903AC001_dup_avg,NA,NA,NA,NA,NA,Lake Erie,Middle Bass Island,41.58333333,-82.91666667,Pisces,Walleye,Composite whole fish homogenate,2,5,2016,<0.427,<0.238,<0.193,<0.216,<0.273,0.074,<0.299,0.901,42.070,0.736,2.109,1.391,0.783,1.128,0.519,<0.293
#7 Point et al (2021), 032217_LEW_2016_003_R1   Sample ID,NA,NA,NA,NA,NA,Lake Erie,Middle Bass Island,41.58333333,-82.91666667,Pisces,Walleye,Composite whole fish homogenate,1,5,2016,<0.427,<0.238,<0.193,<0.216,<0.273,<0.071,<0.299,0.841,43.311,0.429,2.062,1.125,0.534,0.922,0.316,<0.293
#7 Point et al (2021), 033117_LEW_2016_004_R1   Sample ID,NA,NA,NA,NA,NA,Lake Erie,Middle Bass Island,41.58333333,-82.91666667,Pisces,Walleye,Composite whole fish homogenate,1,5,2016,<0.427,<0.238,<0.193,<0.216,<0.273,<0.071,<0.299,1.023,45.691,0.655,2.381,1.272,0.672,1.083,0.441,<0.293
#7 Point et al (2021), 032819_BMP_LEWalleye20160903AC002   Sample ID,NA,NA,NA,NA,NA,Lake Erie,Middle Bass Island,41.58333333,-82.91666667,Pisces,Walleye,Composite whole fish homogenate,1,5,2016,<0.427,<0.238,<0.193,<0.216,<0.273,0.149,<0.299,1.103,57.792,1.103,2.495,1.352,0.775,1.322,0.497,<0.293
#7 Point et al (2021), 032819_BMP_LEWalleye20160903AC005   Sample ID,NA,NA,NA,NA,NA,Lake Erie,Middle Bass Island,41.58333333,-82.91666667,Pisces,Walleye,Composite whole fish homogenate,1,5,2016,<0.427,<0.238,<0.193,<0.216,<0.273,0.154,<0.299,1.596,74.060,1.318,3.244,1.823,0.752,1.493,0.474,<0.293
,,,,,,,,,,,,,,,,,,,,,,,,,,,,,,,,